Provinsi,Kab Kota,Kecamatan,Desa,Tanggal,Waktu,Satelit,Confidence,Latitude,Longitude
Kalimantan Barat,KAPUAS HULU,Embaloh Hulu,Ulak Pauk,07-09-2026,13:12 WIB,NASA-NOAA20,Medium,1.04534,112.49944
Kalimantan Barat,KAPUAS HULU,Embaloh Hulu,Ulak Pauk,07-09-2026,13:12 WIB,NASA-NOAA20,Medium,1.04957,112.50303
Kalimantan Barat,KAPUAS HULU,Putussibau Utara,Lauk,07-09-2026,13:12 WIB,NASA-NOAA20,Medium,1.06437,112.62463
Kalimantan Barat,KAYONG UTARA,Simpang Hilir,Matan Jaya,07-09-2026,00:32 WIB,NASA-NOAA20,High,-1.06588,110.13756
Kalimantan Barat,KAYONG UTARA,Simpang Hilir,Matan Jaya,07-09-2026,00:32 WIB,NASA-NOAA20,High,-1.0604,110.13847
Kalimantan Barat,KAYONG UTARA,Simpang Hilir,Padu Banjar,07-09-2026,00:32 WIB,NASA-NOAA20,High,-1.0443,109.83011
Kalimantan Barat,KAYONG UTARA,Pulau Maya,Dusun Besar,07-09-2026,00:32 WIB,NASA-NOAA20,Medium,-1.19151,109.45125
Kalimantan Barat,KAYONG UTARA,Simpang Hilir,Batu Barat,07-09-2026,00:32 WIB,NASA-NOAA20,Medium,-0.96641,110.04663
Kalimantan Barat,KAYONG UTARA,Simpang Hilir,Batu Barat,07-09-2026,00:32 WIB,NASA-NOAA20,Medium,-0.96089,110.04755
Kalimantan Barat,KAYONG UTARA,Simpang Hilir,Batu Barat,07-09-2026,00:32 WIB,NASA-NOAA20,Medium,-0.9603,110.04393
Kalimantan Barat,KAYONG UTARA,Simpang Hilir,Batu Barat,07-09-2026,00:32 WIB,NASA-NOAA20,Medium,-0.95537,110.04846
Kalimantan Barat,KAYONG UTARA,Simpang Hilir,Batu Barat,07-09-2026,00:32 WIB,NASA-NOAA20,Medium,-0.95043,110.05299
Kalimantan Barat,KAYONG UTARA,Simpang Hilir,Batu Barat,07-09-2026,00:32 WIB,NASA-NOAA20,Medium,-0.89811,110.11412
Kalimantan Barat,KAYONG UTARA,Simpang Hilir,Batu Barat,07-09-2026,00:32 WIB,NASA-NOAA20,Medium,-0.89754,110.11053
Kalimantan Barat,KAYONG UTARA,Simpang Hilir,Batu Barat,07-09-2026,00:32 WIB,NASA-NOAA20,Medium,-0.89261,110.11507
Kalimantan Barat,KAYONG UTARA,Simpang Hilir,Batu Barat,07-09-2026,00:32 WIB,NASA-NOAA20,Medium,-0.89204,110.11147
Kalimantan Barat,KAYONG UTARA,Simpang Hilir,Batu Barat,07-09-2026,00:32 WIB,NASA-NOAA20,Medium,-0.85094,110.13683
Kalimantan Barat,KAYONG UTARA,Simpang Hilir,Batu Barat,07-09-2026,13:12 WIB,NASA-NOAA20,Medium,-0.97091,110.047
Kalimantan Barat,KAYONG UTARA,Simpang Hilir,Batu Barat,07-09-2026,13:12 WIB,NASA-NOAA20,Medium,-0.96813,110.04307
Kalimantan Barat,KAYONG UTARA,Simpang Hilir,Batu Barat,07-09-2026,13:12 WIB,NASA-NOAA20,Medium,-0.9676,110.04651
Kalimantan Barat,KAYONG UTARA,Simpang Hilir,Batu Barat,07-09-2026,13:12 WIB,NASA-NOAA20,Medium,-0.96708,110.04994
Kalimantan Barat,KAYONG UTARA,Simpang Hilir,Batu Barat,07-09-2026,13:12 WIB,NASA-NOAA20,Medium,-0.9643,110.04601
Kalimantan Barat,KAYONG UTARA,Simpang Hilir,Batu Barat,07-09-2026,13:12 WIB,NASA-NOAA20,Medium,-0.96377,110.04944
Kalimantan Barat,KAYONG UTARA,Simpang Hilir,Batu Barat,07-09-2026,13:12 WIB,NASA-NOAA20,Medium,-0.96099,110.04551
Kalimantan Barat,KAYONG UTARA,Simpang Hilir,Batu Barat,07-09-2026,13:12 WIB,NASA-NOAA20,Medium,-0.96047,110.04894
Kalimantan Barat,KAYONG UTARA,Simpang Hilir,Batu Barat,07-09-2026,13:12 WIB,NASA-NOAA20,Medium,-0.95716,110.04845
Kalimantan Barat,KAYONG UTARA,Simpang Hilir,Batu Barat,07-09-2026,13:12 WIB,NASA-NOAA20,Medium,-0.95664,110.05188
Kalimantan Barat,KAYONG UTARA,Simpang Hilir,Batu Barat,07-09-2026,13:12 WIB,NASA-NOAA20,Medium,-0.95612,110.05531
Kalimantan Barat,KAYONG UTARA,Simpang Hilir,Batu Barat,07-09-2026,13:12 WIB,NASA-NOAA20,Medium,-0.95386,110.04794
Kalimantan Barat,KAYONG UTARA,Simpang Hilir,Batu Barat,07-09-2026,13:12 WIB,NASA-NOAA20,Medium,-0.95334,110.05138
Kalimantan Barat,KAYONG UTARA,Simpang Hilir,Batu Barat,07-09-2026,13:12 WIB,NASA-NOAA20,Medium,-0.95281,110.05482
Kalimantan Barat,KAYONG UTARA,Simpang Hilir,Batu Barat,07-09-2026,13:12 WIB,NASA-NOAA20,Medium,-0.9217,110.01501
Kalimantan Barat,KAYONG UTARA,Simpang Hilir,Matan Jaya,07-09-2026,00:32 WIB,NASA-NOAA20,Medium,-1.22182,110.36546
Kalimantan Barat,KAYONG UTARA,Simpang Hilir,Matan Jaya,07-09-2026,00:32 WIB,NASA-NOAA20,Medium,-1.22126,110.36205
Kalimantan Barat,KAYONG UTARA,Simpang Hilir,Matan Jaya,07-09-2026,00:32 WIB,NASA-NOAA20,Medium,-1.22014,110.35521
Kalimantan Barat,KAYONG UTARA,Simpang Hilir,Matan Jaya,07-09-2026,00:32 WIB,NASA-NOAA20,Medium,-1.09042,110.11536
Kalimantan Barat,KAYONG UTARA,Simpang Hilir,Matan Jaya,07-09-2026,00:32 WIB,NASA-NOAA20,Medium,-1.08984,110.11178
Kalimantan Barat,KAYONG UTARA,Simpang Hilir,Matan Jaya,07-09-2026,00:32 WIB,NASA-NOAA20,Medium,-1.08926,110.10822
Kalimantan Barat,KAYONG UTARA,Simpang Hilir,Matan Jaya,07-09-2026,00:32 WIB,NASA-NOAA20,Medium,-1.08868,110.10463
Kalimantan Barat,KAYONG UTARA,Simpang Hilir,Matan Jaya,07-09-2026,00:32 WIB,NASA-NOAA20,Medium,-1.08781,110.13405
Kalimantan Barat,KAYONG UTARA,Simpang Hilir,Matan Jaya,07-09-2026,00:32 WIB,NASA-NOAA20,Medium,-1.08723,110.13048
Kalimantan Barat,KAYONG UTARA,Simpang Hilir,Matan Jaya,07-09-2026,00:32 WIB,NASA-NOAA20,Medium,-1.08404,110.14548
Kalimantan Barat,KAYONG UTARA,Simpang Hilir,Matan Jaya,07-09-2026,00:32 WIB,NASA-NOAA20,Medium,-1.08174,110.13132
Kalimantan Barat,KAYONG UTARA,Simpang Hilir,Matan Jaya,07-09-2026,00:32 WIB,NASA-NOAA20,Medium,-1.07136,110.13666
Kalimantan Barat,KAYONG UTARA,Simpang Hilir,Matan Jaya,07-09-2026,00:32 WIB,NASA-NOAA20,Medium,-1.06646,110.14112
Kalimantan Barat,KAYONG UTARA,Simpang Hilir,Matan Jaya,07-09-2026,00:32 WIB,NASA-NOAA20,Medium,-1.06529,110.13398
Kalimantan Barat,KAYONG UTARA,Simpang Hilir,Matan Jaya,07-09-2026,00:32 WIB,NASA-NOAA20,Medium,-1.06471,110.13042
Kalimantan Barat,KAYONG UTARA,Simpang Hilir,Matan Jaya,07-09-2026,00:32 WIB,NASA-NOAA20,Medium,-1.06448,110.16338
Kalimantan Barat,KAYONG UTARA,Simpang Hilir,Matan Jaya,07-09-2026,00:32 WIB,NASA-NOAA20,Medium,-1.0639,110.15983
Kalimantan Barat,KAYONG UTARA,Simpang Hilir,Matan Jaya,07-09-2026,00:32 WIB,NASA-NOAA20,Medium,-1.05981,110.13489
Kalimantan Barat,KAYONG UTARA,Simpang Hilir,Matan Jaya,07-09-2026,00:32 WIB,NASA-NOAA20,Medium,-1.05923,110.13134
Kalimantan Barat,KAYONG UTARA,Simpang Hilir,Matan Jaya,07-09-2026,13:12 WIB,NASA-NOAA20,Medium,-1.09271,110.11534
Kalimantan Barat,KAYONG UTARA,Simpang Hilir,Matan Jaya,07-09-2026,13:12 WIB,NASA-NOAA20,Medium,-1.09219,110.11877
Kalimantan Barat,KAYONG UTARA,Simpang Hilir,Matan Jaya,07-09-2026,13:12 WIB,NASA-NOAA20,Medium,-1.0901,110.13251
Kalimantan Barat,KAYONG UTARA,Simpang Hilir,Matan Jaya,07-09-2026,13:12 WIB,NASA-NOAA20,Medium,-1.08957,110.13596
Kalimantan Barat,KAYONG UTARA,Simpang Hilir,Matan Jaya,07-09-2026,13:12 WIB,NASA-NOAA20,Medium,-1.08905,110.13939
Kalimantan Barat,KAYONG UTARA,Simpang Hilir,Matan Jaya,07-09-2026,13:12 WIB,NASA-NOAA20,Medium,-1.08731,110.12859
Kalimantan Barat,KAYONG UTARA,Simpang Hilir,Matan Jaya,07-09-2026,13:12 WIB,NASA-NOAA20,Medium,-1.08679,110.13202
Kalimantan Barat,KAYONG UTARA,Simpang Hilir,Matan Jaya,07-09-2026,13:12 WIB,NASA-NOAA20,Medium,-1.08627,110.13545
Kalimantan Barat,KAYONG UTARA,Simpang Hilir,Padu Banjar,07-09-2026,00:32 WIB,NASA-NOAA20,Medium,-1.04553,109.83769
Kalimantan Barat,KAYONG UTARA,Simpang Hilir,Padu Banjar,07-09-2026,00:32 WIB,NASA-NOAA20,Medium,-1.04492,109.83391
Kalimantan Barat,KAYONG UTARA,Simpang Hilir,Padu Banjar,07-09-2026,00:32 WIB,NASA-NOAA20,Medium,-1.04369,109.82634
Kalimantan Barat,KAYONG UTARA,Simpang Hilir,Padu Banjar,07-09-2026,00:32 WIB,NASA-NOAA20,Medium,-1.04309,109.8226
Kalimantan Barat,KAYONG UTARA,Simpang Hilir,Padu Banjar,07-09-2026,00:32 WIB,NASA-NOAA20,Medium,-1.03932,109.83479
Kalimantan Barat,KAYONG UTARA,Simpang Hilir,Padu Banjar,07-09-2026,00:32 WIB,NASA-NOAA20,Medium,-1.0387,109.83102
Kalimantan Barat,KAYONG UTARA,Simpang Hilir,Padu Banjar,07-09-2026,00:32 WIB,NASA-NOAA20,Medium,-1.0381,109.82727
Kalimantan Barat,KAYONG UTARA,Simpang Hilir,Padu Banjar,07-09-2026,13:12 WIB,NASA-NOAA20,Medium,-1.0202,109.87888
Kalimantan Barat,KAYONG UTARA,Simpang Hilir,Penjalaan,07-09-2026,00:32 WIB,NASA-NOAA20,Medium,-1.13065,110.04916
Kalimantan Barat,KAYONG UTARA,Simpang Hilir,Penjalaan,07-09-2026,00:32 WIB,NASA-NOAA20,Medium,-1.13013,110.04609
Kalimantan Barat,KAYONG UTARA,Simpang Hilir,Penjalaan,07-09-2026,00:32 WIB,NASA-NOAA20,Medium,-1.13005,110.04555
Kalimantan Barat,KAYONG UTARA,Simpang Hilir,Penjalaan,07-09-2026,00:32 WIB,NASA-NOAA20,Medium,-1.1252,110.05061
Kalimantan Barat,KAYONG UTARA,Simpang Hilir,Penjalaan,07-09-2026,00:32 WIB,NASA-NOAA20,Medium,-1.12514,110.05004
Kalimantan Barat,KAYONG UTARA,Simpang Hilir,Penjalaan,07-09-2026,00:32 WIB,NASA-NOAA20,Medium,-1.11474,110.05594
Kalimantan Barat,KAYONG UTARA,Simpang Hilir,Rantau Panjang,07-09-2026,00:32 WIB,NASA-NOAA20,Medium,-1.14056,110.04048
Kalimantan Barat,KAYONG UTARA,Simpang Hilir,Rantau Panjang,07-09-2026,00:32 WIB,NASA-NOAA20,Medium,-1.14045,110.03998
Kalimantan Barat,KAYONG UTARA,Simpang Hilir,Rantau Panjang,07-09-2026,00:32 WIB,NASA-NOAA20,Medium,-1.13564,110.04514
Kalimantan Barat,KAYONG UTARA,Simpang Hilir,Rantau Panjang,07-09-2026,00:32 WIB,NASA-NOAA20,Medium,-1.13555,110.04459
Kalimantan Barat,KAYONG UTARA,Simpang Hilir,Rantau Panjang,07-09-2026,00:32 WIB,NASA-NOAA20,Medium,-1.13506,110.0415
Kalimantan Barat,KAYONG UTARA,Simpang Hilir,Sungaimata-Mata,07-09-2026,13:12 WIB,NASA-NOAA20,Medium,-0.9911,110.02544
Kalimantan Barat,KAYONG UTARA,Simpang Hilir,Sungaimata-Mata,07-09-2026,13:12 WIB,NASA-NOAA20,Medium,-0.98851,109.9759
Kalimantan Barat,KAYONG UTARA,Simpang Hilir,Sungaimata-Mata,07-09-2026,13:12 WIB,NASA-NOAA20,Medium,-0.98487,109.93323
Kalimantan Barat,KAYONG UTARA,Simpang Hilir,Sungaimata-Mata,07-09-2026,13:12 WIB,NASA-NOAA20,Medium,-0.98105,109.93616
Kalimantan Barat,KAYONG UTARA,Simpang Hilir,Sungaimata-Mata,07-09-2026,13:12 WIB,NASA-NOAA20,Medium,-0.97392,109.9386
Kalimantan Barat,KAYONG UTARA,Simpang Hilir,Sungaimata-Mata,07-09-2026,13:12 WIB,NASA-NOAA20,Medium,-0.93633,109.9856
Kalimantan Barat,KAYONG UTARA,Simpang Hilir,Sungaimata-Mata,07-09-2026,13:12 WIB,NASA-NOAA20,Medium,-0.90953,110.00615
Kalimantan Barat,KAYONG UTARA,Teluk Batang,Sungaipaduan,07-09-2026,13:12 WIB,NASA-NOAA20,Medium,-0.95655,109.89737
Kalimantan Barat,KAYONG UTARA,Simpang Hilir,Padu Banjar,07-09-2026,01:51 WIB,NASA-SNPP,High,-1.04509,109.83302
Kalimantan Barat,KAYONG UTARA,Simpang Hilir,Padu Banjar,07-09-2026,01:51 WIB,NASA-SNPP,High,-1.04459,109.82973
Kalimantan Barat,KAYONG UTARA,Simpang Hilir,Padu Banjar,07-09-2026,01:51 WIB,NASA-SNPP,High,-1.04241,109.83315
Kalimantan Barat,KAYONG UTARA,Simpang Hilir,Padu Banjar,07-09-2026,01:51 WIB,NASA-SNPP,High,-1.04188,109.82988
Kalimantan Barat,KAYONG UTARA,Kepulauan Karimata,Betok Jaya,07-09-2026,01:51 WIB,NASA-SNPP,Medium,-1.58588,108.8654
Kalimantan Barat,KAYONG UTARA,Kepulauan Karimata,Betok Jaya,07-09-2026,01:51 WIB,NASA-SNPP,Medium,-1.58544,108.86254
Kalimantan Barat,KAYONG UTARA,Kepulauan Karimata,Betok Jaya,07-09-2026,12:53 WIB,NASA-SNPP,Medium,-1.58357,108.86647
Kalimantan Barat,KAYONG UTARA,Pulau Maya,Kemboja,07-09-2026,01:51 WIB,NASA-SNPP,Medium,-1.05596,109.72682
Kalimantan Barat,KAYONG UTARA,Simpang Hilir,Batu Barat,07-09-2026,01:51 WIB,NASA-SNPP,Medium,-0.98995,110.02364
Kalimantan Barat,KAYONG UTARA,Simpang Hilir,Batu Barat,07-09-2026,01:51 WIB,NASA-SNPP,Medium,-0.95579,110.05357
Kalimantan Barat,KAYONG UTARA,Simpang Hilir,Batu Barat,07-09-2026,01:51 WIB,NASA-SNPP,Medium,-0.95366,110.05305
Kalimantan Barat,KAYONG UTARA,Simpang Hilir,Batu Barat,07-09-2026,01:51 WIB,NASA-SNPP,Medium,-0.89728,110.11813
Kalimantan Barat,KAYONG UTARA,Simpang Hilir,Batu Barat,07-09-2026,01:51 WIB,NASA-SNPP,Medium,-0.89621,110.11121
Kalimantan Barat,KAYONG UTARA,Simpang Hilir,Matan Jaya,07-09-2026,01:51 WIB,NASA-SNPP,Medium,-1.09258,110.10685
Kalimantan Barat,KAYONG UTARA,Simpang Hilir,Matan Jaya,07-09-2026,01:51 WIB,NASA-SNPP,Medium,-1.08756,110.147
Kalimantan Barat,KAYONG UTARA,Simpang Hilir,Matan Jaya,07-09-2026,01:51 WIB,NASA-SNPP,Medium,-1.08716,110.14636
Kalimantan Barat,KAYONG UTARA,Simpang Hilir,Matan Jaya,07-09-2026,01:51 WIB,NASA-SNPP,Medium,-1.08703,110.14349
Kalimantan Barat,KAYONG UTARA,Simpang Hilir,Matan Jaya,07-09-2026,01:51 WIB,NASA-SNPP,Medium,-1.08649,110.13996
Kalimantan Barat,KAYONG UTARA,Simpang Hilir,Matan Jaya,07-09-2026,01:51 WIB,NASA-SNPP,Medium,-1.08595,110.13644
Kalimantan Barat,KAYONG UTARA,Simpang Hilir,Matan Jaya,07-09-2026,01:51 WIB,NASA-SNPP,Medium,-1.08547,110.13583
Kalimantan Barat,KAYONG UTARA,Simpang Hilir,Matan Jaya,07-09-2026,01:51 WIB,NASA-SNPP,Medium,-1.08542,110.13295
Kalimantan Barat,KAYONG UTARA,Simpang Hilir,Matan Jaya,07-09-2026,01:51 WIB,NASA-SNPP,Medium,-1.08491,110.13234
Kalimantan Barat,KAYONG UTARA,Simpang Hilir,Matan Jaya,07-09-2026,01:51 WIB,NASA-SNPP,Medium,-1.07279,110.16007
Kalimantan Barat,KAYONG UTARA,Simpang Hilir,Nipah Kuning,07-09-2026,01:51 WIB,NASA-SNPP,Medium,-1.0488,109.94149
Kalimantan Barat,KAYONG UTARA,Simpang Hilir,Nipah Kuning,07-09-2026,01:51 WIB,NASA-SNPP,Medium,-1.03913,109.94994
Kalimantan Barat,KAYONG UTARA,Simpang Hilir,Padu Banjar,07-09-2026,01:51 WIB,NASA-SNPP,Medium,-1.05093,109.83545
Kalimantan Barat,KAYONG UTARA,Simpang Hilir,Padu Banjar,07-09-2026,01:51 WIB,NASA-SNPP,Medium,-1.05043,109.83218
Kalimantan Barat,KAYONG UTARA,Simpang Hilir,Padu Banjar,07-09-2026,01:51 WIB,NASA-SNPP,Medium,-1.04609,109.83957
Kalimantan Barat,KAYONG UTARA,Simpang Hilir,Padu Banjar,07-09-2026,01:51 WIB,NASA-SNPP,Medium,-1.04559,109.83627
Kalimantan Barat,KAYONG UTARA,Simpang Hilir,Padu Banjar,07-09-2026,01:51 WIB,NASA-SNPP,Medium,-1.04408,109.82645
Kalimantan Barat,KAYONG UTARA,Simpang Hilir,Padu Banjar,07-09-2026,01:51 WIB,NASA-SNPP,Medium,-1.04346,109.83971
Kalimantan Barat,KAYONG UTARA,Simpang Hilir,Padu Banjar,07-09-2026,01:51 WIB,NASA-SNPP,Medium,-1.04293,109.83643
Kalimantan Barat,KAYONG UTARA,Simpang Hilir,Padu Banjar,07-09-2026,01:51 WIB,NASA-SNPP,Medium,-1.04135,109.82658
Kalimantan Barat,KAYONG UTARA,Simpang Hilir,Padu Banjar,07-09-2026,01:51 WIB,NASA-SNPP,Medium,-1.04026,109.83719
Kalimantan Barat,KAYONG UTARA,Simpang Hilir,Padu Banjar,07-09-2026,01:51 WIB,NASA-SNPP,Medium,-1.03976,109.83388
Kalimantan Barat,KAYONG UTARA,Simpang Hilir,Padu Banjar,07-09-2026,01:51 WIB,NASA-SNPP,Medium,-1.03925,109.83059
Kalimantan Barat,KAYONG UTARA,Simpang Hilir,Padu Banjar,07-09-2026,01:51 WIB,NASA-SNPP,Medium,-1.02205,109.87711
Kalimantan Barat,KAYONG UTARA,Simpang Hilir,Padu Banjar,07-09-2026,01:51 WIB,NASA-SNPP,Medium,-1.01724,109.88136
Kalimantan Barat,KAYONG UTARA,Simpang Hilir,Padu Banjar,07-09-2026,01:51 WIB,NASA-SNPP,Medium,-1.01671,109.87802
Kalimantan Barat,KAYONG UTARA,Simpang Hilir,Padu Banjar,07-09-2026,01:51 WIB,NASA-SNPP,Medium,-1.01137,109.87891
Kalimantan Barat,KAYONG UTARA,Simpang Hilir,Padu Banjar,07-09-2026,01:51 WIB,NASA-SNPP,Medium,-1.00265,109.92818
Kalimantan Barat,KAYONG UTARA,Simpang Hilir,Padu Banjar,07-09-2026,01:51 WIB,NASA-SNPP,Medium,-0.99781,109.93236
Kalimantan Barat,KAYONG UTARA,Simpang Hilir,Padu Banjar,07-09-2026,01:51 WIB,NASA-SNPP,Medium,-0.99676,109.92567
Kalimantan Barat,KAYONG UTARA,Simpang Hilir,Padu Banjar,07-09-2026,01:51 WIB,NASA-SNPP,Medium,-0.98654,109.93065
Kalimantan Barat,KAYONG UTARA,Simpang Hilir,Penjalaan,07-09-2026,01:51 WIB,NASA-SNPP,Medium,-1.12853,110.05164
Kalimantan Barat,KAYONG UTARA,Simpang Hilir,Penjalaan,07-09-2026,01:51 WIB,NASA-SNPP,Medium,-1.128,110.04819
Kalimantan Barat,KAYONG UTARA,Simpang Hilir,Penjalaan,07-09-2026,01:51 WIB,NASA-SNPP,Medium,-1.12311,110.0525
Kalimantan Barat,KAYONG UTARA,Simpang Hilir,Penjalaan,07-09-2026,01:51 WIB,NASA-SNPP,Medium,-1.12258,110.04906
Kalimantan Barat,KAYONG UTARA,Simpang Hilir,Penjalaan,07-09-2026,01:51 WIB,NASA-SNPP,Medium,-1.11877,110.06031
Kalimantan Barat,KAYONG UTARA,Simpang Hilir,Penjalaan,07-09-2026,01:51 WIB,NASA-SNPP,Medium,-1.11824,110.05687
Kalimantan Barat,KAYONG UTARA,Simpang Hilir,Penjalaan,07-09-2026,01:51 WIB,NASA-SNPP,Medium,-1.1177,110.05341
Kalimantan Barat,KAYONG UTARA,Simpang Hilir,Sungaimata-Mata,07-09-2026,01:51 WIB,NASA-SNPP,Medium,-1.02997,109.96174
Kalimantan Barat,KAYONG UTARA,Simpang Hilir,Sungaimata-Mata,07-09-2026,01:51 WIB,NASA-SNPP,Medium,-0.99874,109.97355
Kalimantan Barat,KAYONG UTARA,Simpang Hilir,Sungaimata-Mata,07-09-2026,01:51 WIB,NASA-SNPP,Medium,-0.99335,109.97439
Kalimantan Barat,KAYONG UTARA,Simpang Hilir,Sungaimata-Mata,07-09-2026,01:51 WIB,NASA-SNPP,Medium,-0.98169,109.93478
Kalimantan Barat,KAYONG UTARA,Simpang Hilir,Sungaimata-Mata,07-09-2026,01:51 WIB,NASA-SNPP,Medium,-0.98117,109.93147
Kalimantan Barat,KAYONG UTARA,Simpang Hilir,Sungaimata-Mata,07-09-2026,01:51 WIB,NASA-SNPP,Medium,-0.97631,109.9356
Kalimantan Barat,KAYONG UTARA,Simpang Hilir,Sungaimata-Mata,07-09-2026,01:51 WIB,NASA-SNPP,Medium,-0.97094,109.93645
Kalimantan Barat,KAYONG UTARA,Simpang Hilir,Sungaimata-Mata,07-09-2026,01:51 WIB,NASA-SNPP,Medium,-0.96021,109.93813
Kalimantan Barat,KAYONG UTARA,Simpang Hilir,Sungaimata-Mata,07-09-2026,01:51 WIB,NASA-SNPP,Medium,-0.90724,110.00448
Kalimantan Barat,KAYONG UTARA,Sukadana,Sejahtera,07-09-2026,01:51 WIB,NASA-SNPP,Medium,-1.29325,110.06218
Kalimantan Barat,KAYONG UTARA,Sukadana,Sejahtera,07-09-2026,01:51 WIB,NASA-SNPP,Medium,-1.27013,110.05235
Kalimantan Barat,KAYONG UTARA,Sukadana,Sejahtera,07-09-2026,01:51 WIB,NASA-SNPP,Medium,-1.26927,110.05154
Kalimantan Barat,KETAPANG,Sungai Melayu Rayak,Sungai Melayu,07-09-2026,03:29 WIB,NASA-MODIS,Low,-1.78354,110.49661
Kalimantan Barat,KETAPANG,Matan Hilir Selatan,Sungai Pelang,07-09-2026,03:29 WIB,NASA-MODIS,Medium,-1.84836,110.16207
Kalimantan Barat,KETAPANG,Muara Pawan,Ulak Medang,07-09-2026,03:29 WIB,NASA-MODIS,Medium,-1.5016,110.248
Kalimantan Barat,KETAPANG,Kendawangan,Air Hitam Besar,07-09-2026,00:32 WIB,NASA-NOAA20,High,-2.76546,110.77892
Kalimantan Barat,KETAPANG,Kendawangan,Airhitam Hulu,07-09-2026,13:12 WIB,NASA-NOAA20,High,-2.65983,110.61269
Kalimantan Barat,KETAPANG,Matan Hilir Selatan,Sungai Pelang,07-09-2026,00:32 WIB,NASA-NOAA20,High,-1.82616,110.21846
Kalimantan Barat,KETAPANG,Muara Pawan,Mayak,07-09-2026,13:12 WIB,NASA-NOAA20,High,-1.74372,110.18676
Kalimantan Barat,KETAPANG,Muara Pawan,Ulak Medang,07-09-2026,13:12 WIB,NASA-NOAA20,High,-1.51157,110.26244
Kalimantan Barat,KETAPANG,Muara Pawan,Ulak Medang,07-09-2026,13:12 WIB,NASA-NOAA20,High,-1.51105,110.26588
Kalimantan Barat,KETAPANG,Muara Pawan,Ulak Medang,07-09-2026,13:12 WIB,NASA-NOAA20,High,-1.51053,110.26931
Kalimantan Barat,KETAPANG,Benua Kayong,Negeri Baru,07-09-2026,13:12 WIB,NASA-NOAA20,Low,-1.76797,110.20843
Kalimantan Barat,KETAPANG,Kendawangan,Airhitam Hulu,07-09-2026,13:12 WIB,NASA-NOAA20,Low,-2.65268,110.61514
Kalimantan Barat,KETAPANG,Kendawangan,Seriam,07-09-2026,13:12 WIB,NASA-NOAA20,Low,-2.71827,110.32014
Kalimantan Barat,KETAPANG,Simpang Dua,Kampar Sebomban,07-09-2026,13:12 WIB,NASA-NOAA20,Low,-0.9165,110.2041
Kalimantan Barat,KETAPANG,Benua Kayong,Negeri Baru,07-09-2026,00:32 WIB,NASA-NOAA20,Medium,-1.79796,110.19584
Kalimantan Barat,KETAPANG,Benua Kayong,Negeri Baru,07-09-2026,00:32 WIB,NASA-NOAA20,Medium,-1.79521,110.19898
Kalimantan Barat,KETAPANG,Benua Kayong,Negeri Baru,07-09-2026,00:32 WIB,NASA-NOAA20,Medium,-1.79464,110.19555
Kalimantan Barat,KETAPANG,Benua Kayong,Negeri Baru,07-09-2026,00:32 WIB,NASA-NOAA20,Medium,-1.79312,110.20019
Kalimantan Barat,KETAPANG,Benua Kayong,Negeri Baru,07-09-2026,00:32 WIB,NASA-NOAA20,Medium,-1.79257,110.19675
Kalimantan Barat,KETAPANG,Benua Kayong,Negeri Baru,07-09-2026,00:32 WIB,NASA-NOAA20,Medium,-1.79202,110.19333
Kalimantan Barat,KETAPANG,Benua Kayong,Negeri Baru,07-09-2026,00:32 WIB,NASA-NOAA20,Medium,-1.78925,110.19648
Kalimantan Barat,KETAPANG,Benua Kayong,Negeri Baru,07-09-2026,13:12 WIB,NASA-NOAA20,Medium,-1.83987,110.11388
Kalimantan Barat,KETAPANG,Benua Kayong,Negeri Baru,07-09-2026,13:12 WIB,NASA-NOAA20,Medium,-1.80417,110.19279
Kalimantan Barat,KETAPANG,Benua Kayong,Negeri Baru,07-09-2026,13:12 WIB,NASA-NOAA20,Medium,-1.80365,110.19622
Kalimantan Barat,KETAPANG,Benua Kayong,Negeri Baru,07-09-2026,13:12 WIB,NASA-NOAA20,Medium,-1.79651,110.19867
Kalimantan Barat,KETAPANG,Benua Kayong,Negeri Baru,07-09-2026,13:12 WIB,NASA-NOAA20,Medium,-1.79409,110.17022
Kalimantan Barat,KETAPANG,Benua Kayong,Negeri Baru,07-09-2026,13:12 WIB,NASA-NOAA20,Medium,-1.79321,110.19817
Kalimantan Barat,KETAPANG,Benua Kayong,Negeri Baru,07-09-2026,13:12 WIB,NASA-NOAA20,Medium,-1.77233,110.20205
Kalimantan Barat,KETAPANG,Benua Kayong,Negeri Baru,07-09-2026,13:12 WIB,NASA-NOAA20,Medium,-1.76745,110.21187
Kalimantan Barat,KETAPANG,Benua Kayong,Negeri Baru,07-09-2026,13:12 WIB,NASA-NOAA20,Medium,-1.76467,110.20793
Kalimantan Barat,KETAPANG,Hulu Sungai,Batu Lapis,07-09-2026,13:12 WIB,NASA-NOAA20,Medium,-1.33793,110.79907
Kalimantan Barat,KETAPANG,Hulu Sungai,Senduruhan,07-09-2026,13:12 WIB,NASA-NOAA20,Medium,-0.95505,110.70652
Kalimantan Barat,KETAPANG,Jelai Hulu,Pasir Mayang,07-09-2026,13:12 WIB,NASA-NOAA20,Medium,-1.85321,110.80486
Kalimantan Barat,KETAPANG,Jelai Hulu,Semantun,07-09-2026,13:12 WIB,NASA-NOAA20,Medium,-2.08897,111.06045
Kalimantan Barat,KETAPANG,Jelai Hulu,Semantun,07-09-2026,13:12 WIB,NASA-NOAA20,Medium,-2.08564,111.05994
Kalimantan Barat,KETAPANG,Kendawangan,Air Hitam Besar,07-09-2026,00:32 WIB,NASA-NOAA20,Medium,-2.77208,110.78706
Kalimantan Barat,KETAPANG,Kendawangan,Air Hitam Besar,07-09-2026,00:32 WIB,NASA-NOAA20,Medium,-2.76698,110.78793
Kalimantan Barat,KETAPANG,Kendawangan,Air Hitam Besar,07-09-2026,00:32 WIB,NASA-NOAA20,Medium,-2.76648,110.78493
Kalimantan Barat,KETAPANG,Kendawangan,Air Hitam Besar,07-09-2026,00:32 WIB,NASA-NOAA20,Medium,-2.76597,110.78193
Kalimantan Barat,KETAPANG,Kendawangan,Air Hitam Besar,07-09-2026,00:32 WIB,NASA-NOAA20,Medium,-2.7639,110.78693
Kalimantan Barat,KETAPANG,Kendawangan,Air Hitam Besar,07-09-2026,00:32 WIB,NASA-NOAA20,Medium,-2.76342,110.78392
Kalimantan Barat,KETAPANG,Kendawangan,Air Hitam Besar,07-09-2026,00:32 WIB,NASA-NOAA20,Medium,-2.76293,110.7809
Kalimantan Barat,KETAPANG,Kendawangan,Air Hitam Besar,07-09-2026,00:32 WIB,NASA-NOAA20,Medium,-2.76244,110.77789
Kalimantan Barat,KETAPANG,Kendawangan,Air Hitam Besar,07-09-2026,00:32 WIB,NASA-NOAA20,Medium,-2.76035,110.77976
Kalimantan Barat,KETAPANG,Kendawangan,Air Hitam Besar,07-09-2026,00:32 WIB,NASA-NOAA20,Medium,-2.75984,110.77676
Kalimantan Barat,KETAPANG,Kendawangan,Air Hitam Besar,07-09-2026,00:32 WIB,NASA-NOAA20,Medium,-2.75733,110.77872
Kalimantan Barat,KETAPANG,Kendawangan,Air Hitam Besar,07-09-2026,00:32 WIB,NASA-NOAA20,Medium,-2.75105,110.66231
Kalimantan Barat,KETAPANG,Kendawangan,Air Hitam Besar,07-09-2026,00:32 WIB,NASA-NOAA20,Medium,-2.74423,110.66489
Kalimantan Barat,KETAPANG,Kendawangan,Air Hitam Besar,07-09-2026,13:12 WIB,NASA-NOAA20,Medium,-2.77353,110.78006
Kalimantan Barat,KETAPANG,Kendawangan,Air Hitam Besar,07-09-2026,13:12 WIB,NASA-NOAA20,Medium,-2.773,110.78352
Kalimantan Barat,KETAPANG,Kendawangan,Air Hitam Besar,07-09-2026,13:12 WIB,NASA-NOAA20,Medium,-2.77247,110.78698
Kalimantan Barat,KETAPANG,Kendawangan,Air Hitam Besar,07-09-2026,13:12 WIB,NASA-NOAA20,Medium,-2.77194,110.79044
Kalimantan Barat,KETAPANG,Kendawangan,Air Hitam Besar,07-09-2026,13:12 WIB,NASA-NOAA20,Medium,-2.77022,110.77956
Kalimantan Barat,KETAPANG,Kendawangan,Air Hitam Besar,07-09-2026,13:12 WIB,NASA-NOAA20,Medium,-2.76968,110.78302
Kalimantan Barat,KETAPANG,Kendawangan,Air Hitam Besar,07-09-2026,13:12 WIB,NASA-NOAA20,Medium,-2.76915,110.78648
Kalimantan Barat,KETAPANG,Kendawangan,Air Hitam Besar,07-09-2026,13:12 WIB,NASA-NOAA20,Medium,-2.76862,110.78994
Kalimantan Barat,KETAPANG,Kendawangan,Air Hitam Besar,07-09-2026,13:12 WIB,NASA-NOAA20,Medium,-2.76637,110.78252
Kalimantan Barat,KETAPANG,Kendawangan,Air Hitam Besar,07-09-2026,13:12 WIB,NASA-NOAA20,Medium,-2.76465,110.77164
Kalimantan Barat,KETAPANG,Kendawangan,Air Hitam Besar,07-09-2026,13:12 WIB,NASA-NOAA20,Medium,-2.76412,110.7751
Kalimantan Barat,KETAPANG,Kendawangan,Air Hitam Besar,07-09-2026,13:12 WIB,NASA-NOAA20,Medium,-2.76133,110.77114
Kalimantan Barat,KETAPANG,Kendawangan,Air Hitam Besar,07-09-2026,13:12 WIB,NASA-NOAA20,Medium,-2.7608,110.7746
Kalimantan Barat,KETAPANG,Kendawangan,Air Hitam Besar,07-09-2026,13:12 WIB,NASA-NOAA20,Medium,-2.76027,110.77806
Kalimantan Barat,KETAPANG,Kendawangan,Air Hitam Besar,07-09-2026,13:12 WIB,NASA-NOAA20,Medium,-2.75749,110.7741
Kalimantan Barat,KETAPANG,Kendawangan,Air Hitam Besar,07-09-2026,13:12 WIB,NASA-NOAA20,Medium,-2.75696,110.77756
Kalimantan Barat,KETAPANG,Kendawangan,Air Hitam Besar,07-09-2026,13:12 WIB,NASA-NOAA20,Medium,-2.7547,110.77013
Kalimantan Barat,KETAPANG,Kendawangan,Air Hitam Besar,07-09-2026,13:12 WIB,NASA-NOAA20,Medium,-2.74283,110.66894
Kalimantan Barat,KETAPANG,Kendawangan,Air Hitam Besar,07-09-2026,13:12 WIB,NASA-NOAA20,Medium,-2.73019,110.75183
Kalimantan Barat,KETAPANG,Kendawangan,Airhitam Hulu,07-09-2026,00:32 WIB,NASA-NOAA20,Medium,-2.69796,110.64108
Kalimantan Barat,KETAPANG,Kendawangan,Airhitam Hulu,07-09-2026,00:32 WIB,NASA-NOAA20,Medium,-2.69746,110.63799
Kalimantan Barat,KETAPANG,Kendawangan,Airhitam Hulu,07-09-2026,00:32 WIB,NASA-NOAA20,Medium,-2.69281,110.64195
Kalimantan Barat,KETAPANG,Kendawangan,Airhitam Hulu,07-09-2026,00:32 WIB,NASA-NOAA20,Medium,-2.67903,110.46048
Kalimantan Barat,KETAPANG,Kendawangan,Airhitam Hulu,07-09-2026,00:32 WIB,NASA-NOAA20,Medium,-2.67799,110.4541
Kalimantan Barat,KETAPANG,Kendawangan,Airhitam Hulu,07-09-2026,13:12 WIB,NASA-NOAA20,Medium,-2.71206,110.44933
Kalimantan Barat,KETAPANG,Kendawangan,Airhitam Hulu,07-09-2026,13:12 WIB,NASA-NOAA20,Medium,-2.70295,110.64174
Kalimantan Barat,KETAPANG,Kendawangan,Airhitam Hulu,07-09-2026,13:12 WIB,NASA-NOAA20,Medium,-2.69686,110.63729
Kalimantan Barat,KETAPANG,Kendawangan,Airhitam Hulu,07-09-2026,13:12 WIB,NASA-NOAA20,Medium,-2.69633,110.64074
Kalimantan Barat,KETAPANG,Kendawangan,Airhitam Hulu,07-09-2026,13:12 WIB,NASA-NOAA20,Medium,-2.6958,110.64419
Kalimantan Barat,KETAPANG,Kendawangan,Airhitam Hulu,07-09-2026,13:12 WIB,NASA-NOAA20,Medium,-2.69407,110.63334
Kalimantan Barat,KETAPANG,Kendawangan,Airhitam Hulu,07-09-2026,13:12 WIB,NASA-NOAA20,Medium,-2.69354,110.63679
Kalimantan Barat,KETAPANG,Kendawangan,Airhitam Hulu,07-09-2026,13:12 WIB,NASA-NOAA20,Medium,-2.69076,110.63284
Kalimantan Barat,KETAPANG,Kendawangan,Airhitam Hulu,07-09-2026,13:12 WIB,NASA-NOAA20,Medium,-2.68812,110.65009
Kalimantan Barat,KETAPANG,Kendawangan,Airhitam Hulu,07-09-2026,13:12 WIB,NASA-NOAA20,Medium,-2.68745,110.63234
Kalimantan Barat,KETAPANG,Kendawangan,Airhitam Hulu,07-09-2026,13:12 WIB,NASA-NOAA20,Medium,-2.68734,110.45615
Kalimantan Barat,KETAPANG,Kendawangan,Airhitam Hulu,07-09-2026,13:12 WIB,NASA-NOAA20,Medium,-2.68449,110.45084
Kalimantan Barat,KETAPANG,Kendawangan,Airhitam Hulu,07-09-2026,13:12 WIB,NASA-NOAA20,Medium,-2.68397,110.45428
Kalimantan Barat,KETAPANG,Kendawangan,Airhitam Hulu,07-09-2026,13:12 WIB,NASA-NOAA20,Medium,-2.68239,110.46461
Kalimantan Barat,KETAPANG,Kendawangan,Airhitam Hulu,07-09-2026,13:12 WIB,NASA-NOAA20,Medium,-2.6593,110.61614
Kalimantan Barat,KETAPANG,Kendawangan,Airhitam Hulu,07-09-2026,13:12 WIB,NASA-NOAA20,Medium,-2.65878,110.61959
Kalimantan Barat,KETAPANG,Kendawangan,Airhitam Hulu,07-09-2026,13:12 WIB,NASA-NOAA20,Medium,-2.65652,110.6122
Kalimantan Barat,KETAPANG,Kendawangan,Airhitam Hulu,07-09-2026,13:12 WIB,NASA-NOAA20,Medium,-2.65599,110.61565
Kalimantan Barat,KETAPANG,Kendawangan,Bangkal Serai,07-09-2026,13:12 WIB,NASA-NOAA20,Medium,-2.46686,110.47734
Kalimantan Barat,KETAPANG,Kendawangan,Banjar Sari,07-09-2026,13:12 WIB,NASA-NOAA20,Medium,-2.54014,110.26331
Kalimantan Barat,KETAPANG,Kendawangan,Kedondong,07-09-2026,13:12 WIB,NASA-NOAA20,Medium,-2.27205,110.33057
Kalimantan Barat,KETAPANG,Kendawangan,Kedondong,07-09-2026,13:12 WIB,NASA-NOAA20,Medium,-2.27153,110.334
Kalimantan Barat,KETAPANG,Kendawangan,Kedondong,07-09-2026,13:12 WIB,NASA-NOAA20,Medium,-2.27066,110.3155
Kalimantan Barat,KETAPANG,Kendawangan,Kedondong,07-09-2026,13:12 WIB,NASA-NOAA20,Medium,-2.26961,110.32238
Kalimantan Barat,KETAPANG,Kendawangan,Kedondong,07-09-2026,13:12 WIB,NASA-NOAA20,Medium,-2.26909,110.32581
Kalimantan Barat,KETAPANG,Kendawangan,Kedondong,07-09-2026,13:12 WIB,NASA-NOAA20,Medium,-2.26804,110.33268
Kalimantan Barat,KETAPANG,Kendawangan,Kedondong,07-09-2026,13:12 WIB,NASA-NOAA20,Medium,-2.26735,110.315
Kalimantan Barat,KETAPANG,Kendawangan,Kedondong,07-09-2026,13:12 WIB,NASA-NOAA20,Medium,-2.26683,110.31844
Kalimantan Barat,KETAPANG,Kendawangan,Kedondong,07-09-2026,13:12 WIB,NASA-NOAA20,Medium,-2.2663,110.32188
Kalimantan Barat,KETAPANG,Kendawangan,Kedondong,07-09-2026,13:12 WIB,NASA-NOAA20,Medium,-2.26578,110.32532
Kalimantan Barat,KETAPANG,Kendawangan,Kedondong,07-09-2026,13:12 WIB,NASA-NOAA20,Medium,-2.26405,110.3145
Kalimantan Barat,KETAPANG,Kendawangan,Kedondong,07-09-2026,13:12 WIB,NASA-NOAA20,Medium,-2.26352,110.31794
Kalimantan Barat,KETAPANG,Kendawangan,Kedondong,07-09-2026,13:12 WIB,NASA-NOAA20,Medium,-2.263,110.32138
Kalimantan Barat,KETAPANG,Kendawangan,Kedondong,07-09-2026,13:12 WIB,NASA-NOAA20,Medium,-2.26248,110.32481
Kalimantan Barat,KETAPANG,Kendawangan,Kedondong,07-09-2026,13:12 WIB,NASA-NOAA20,Medium,-2.26074,110.314
Kalimantan Barat,KETAPANG,Kendawangan,Kedondong,07-09-2026,13:12 WIB,NASA-NOAA20,Medium,-2.26038,110.33855
Kalimantan Barat,KETAPANG,Kendawangan,Kedondong,07-09-2026,13:12 WIB,NASA-NOAA20,Medium,-2.26022,110.31744
Kalimantan Barat,KETAPANG,Kendawangan,Kedondong,07-09-2026,13:12 WIB,NASA-NOAA20,Medium,-2.25969,110.32088
Kalimantan Barat,KETAPANG,Kendawangan,Kedondong,07-09-2026,13:12 WIB,NASA-NOAA20,Medium,-2.25917,110.32432
Kalimantan Barat,KETAPANG,Kendawangan,Kedondong,07-09-2026,13:12 WIB,NASA-NOAA20,Medium,-2.25413,110.313
Kalimantan Barat,KETAPANG,Kendawangan,Kendawangan Kanan,07-09-2026,13:12 WIB,NASA-NOAA20,Medium,-2.73657,110.26666
Kalimantan Barat,KETAPANG,Kendawangan,Kendawangan Kanan,07-09-2026,13:12 WIB,NASA-NOAA20,Medium,-2.62775,110.2243
Kalimantan Barat,KETAPANG,Kendawangan,Kendawangan Kanan,07-09-2026,13:12 WIB,NASA-NOAA20,Medium,-2.62723,110.22773
Kalimantan Barat,KETAPANG,Kendawangan,Kendawangan Kanan,07-09-2026,13:12 WIB,NASA-NOAA20,Medium,-2.6267,110.23116
Kalimantan Barat,KETAPANG,Kendawangan,Kendawangan Kanan,07-09-2026,13:12 WIB,NASA-NOAA20,Medium,-2.62445,110.22379
Kalimantan Barat,KETAPANG,Kendawangan,Natai Kuini,07-09-2026,13:12 WIB,NASA-NOAA20,Medium,-2.95776,110.70619
Kalimantan Barat,KETAPANG,Kendawangan,Natai Kuini,07-09-2026,13:12 WIB,NASA-NOAA20,Medium,-2.92833,110.67704
Kalimantan Barat,KETAPANG,Kendawangan,Pangkalan Batu,07-09-2026,13:12 WIB,NASA-NOAA20,Medium,-2.20628,110.31633
Kalimantan Barat,KETAPANG,Kendawangan,Pangkalan Batu,07-09-2026,13:12 WIB,NASA-NOAA20,Medium,-2.20297,110.31584
Kalimantan Barat,KETAPANG,Kendawangan,Pangkalan Batu,07-09-2026,13:12 WIB,NASA-NOAA20,Medium,-2.2014,110.32615
Kalimantan Barat,KETAPANG,Kendawangan,Pembedilan,07-09-2026,00:32 WIB,NASA-NOAA20,Medium,-2.79209,110.32793
Kalimantan Barat,KETAPANG,Kendawangan,Pembedilan,07-09-2026,00:32 WIB,NASA-NOAA20,Medium,-2.79138,110.32784
Kalimantan Barat,KETAPANG,Kendawangan,Pembedilan,07-09-2026,00:32 WIB,NASA-NOAA20,Medium,-2.78683,110.32887
Kalimantan Barat,KETAPANG,Kendawangan,Pembedilan,07-09-2026,00:32 WIB,NASA-NOAA20,Medium,-2.78631,110.32562
Kalimantan Barat,KETAPANG,Kendawangan,Pembedilan,07-09-2026,00:32 WIB,NASA-NOAA20,Medium,-2.78612,110.32876
Kalimantan Barat,KETAPANG,Kendawangan,Pembedilan,07-09-2026,00:32 WIB,NASA-NOAA20,Medium,-2.78557,110.32552
Kalimantan Barat,KETAPANG,Kendawangan,Pembedilan,07-09-2026,00:32 WIB,NASA-NOAA20,Medium,-2.72355,110.59392
Kalimantan Barat,KETAPANG,Kendawangan,Pembedilan,07-09-2026,13:12 WIB,NASA-NOAA20,Medium,-2.96697,110.31322
Kalimantan Barat,KETAPANG,Kendawangan,Pembedilan,07-09-2026,13:12 WIB,NASA-NOAA20,Medium,-2.96645,110.31667
Kalimantan Barat,KETAPANG,Kendawangan,Pembedilan,07-09-2026,13:12 WIB,NASA-NOAA20,Medium,-2.96592,110.3201
Kalimantan Barat,KETAPANG,Kendawangan,Pembedilan,07-09-2026,13:12 WIB,NASA-NOAA20,Medium,-2.96367,110.31273
Kalimantan Barat,KETAPANG,Kendawangan,Pembedilan,07-09-2026,13:12 WIB,NASA-NOAA20,Medium,-2.96314,110.31617
Kalimantan Barat,KETAPANG,Kendawangan,Pembedilan,07-09-2026,13:12 WIB,NASA-NOAA20,Medium,-2.96262,110.3196
Kalimantan Barat,KETAPANG,Kendawangan,Pembedilan,07-09-2026,13:12 WIB,NASA-NOAA20,Medium,-2.96209,110.32304
Kalimantan Barat,KETAPANG,Kendawangan,Pembedilan,07-09-2026,13:12 WIB,NASA-NOAA20,Medium,-2.96036,110.31223
Kalimantan Barat,KETAPANG,Kendawangan,Pembedilan,07-09-2026,13:12 WIB,NASA-NOAA20,Medium,-2.95984,110.31567
Kalimantan Barat,KETAPANG,Kendawangan,Pembedilan,07-09-2026,13:12 WIB,NASA-NOAA20,Medium,-2.94819,110.30336
Kalimantan Barat,KETAPANG,Kendawangan,Pembedilan,07-09-2026,13:12 WIB,NASA-NOAA20,Medium,-2.94489,110.30286
Kalimantan Barat,KETAPANG,Kendawangan,Pembedilan,07-09-2026,13:12 WIB,NASA-NOAA20,Medium,-2.93686,110.33331
Kalimantan Barat,KETAPANG,Kendawangan,Pembedilan,07-09-2026,13:12 WIB,NASA-NOAA20,Medium,-2.91001,110.37418
Kalimantan Barat,KETAPANG,Kendawangan,Pembedilan,07-09-2026,13:12 WIB,NASA-NOAA20,Medium,-2.88797,110.29701
Kalimantan Barat,KETAPANG,Kendawangan,Pembedilan,07-09-2026,13:12 WIB,NASA-NOAA20,Medium,-2.88519,110.29308
Kalimantan Barat,KETAPANG,Kendawangan,Pembedilan,07-09-2026,13:12 WIB,NASA-NOAA20,Medium,-2.88466,110.29652
Kalimantan Barat,KETAPANG,Kendawangan,Pembedilan,07-09-2026,13:12 WIB,NASA-NOAA20,Medium,-2.87491,110.31614
Kalimantan Barat,KETAPANG,Kendawangan,Pembedilan,07-09-2026,13:12 WIB,NASA-NOAA20,Medium,-2.8716,110.31564
Kalimantan Barat,KETAPANG,Kendawangan,Pembedilan,07-09-2026,13:12 WIB,NASA-NOAA20,Medium,-2.82859,110.37595
Kalimantan Barat,KETAPANG,Kendawangan,Pembedilan,07-09-2026,13:12 WIB,NASA-NOAA20,Medium,-2.82806,110.37938
Kalimantan Barat,KETAPANG,Kendawangan,Pembedilan,07-09-2026,13:12 WIB,NASA-NOAA20,Medium,-2.82476,110.37888
Kalimantan Barat,KETAPANG,Kendawangan,Pembedilan,07-09-2026,13:12 WIB,NASA-NOAA20,Medium,-2.78924,110.3203
Kalimantan Barat,KETAPANG,Kendawangan,Pembedilan,07-09-2026,13:12 WIB,NASA-NOAA20,Medium,-2.78646,110.31638
Kalimantan Barat,KETAPANG,Kendawangan,Seriam,07-09-2026,00:32 WIB,NASA-NOAA20,Medium,-2.67747,110.45091
Kalimantan Barat,KETAPANG,Kendawangan,Seriam,07-09-2026,13:12 WIB,NASA-NOAA20,Medium,-2.78263,110.31931
Kalimantan Barat,KETAPANG,Kendawangan,Seriam,07-09-2026,13:12 WIB,NASA-NOAA20,Medium,-2.7809,110.30851
Kalimantan Barat,KETAPANG,Kendawangan,Seriam,07-09-2026,13:12 WIB,NASA-NOAA20,Medium,-2.77985,110.31538
Kalimantan Barat,KETAPANG,Kendawangan,Seriam,07-09-2026,13:12 WIB,NASA-NOAA20,Medium,-2.77655,110.31488
Kalimantan Barat,KETAPANG,Kendawangan,Seriam,07-09-2026,13:12 WIB,NASA-NOAA20,Medium,-2.77429,110.30751
Kalimantan Barat,KETAPANG,Kendawangan,Seriam,07-09-2026,13:12 WIB,NASA-NOAA20,Medium,-2.77376,110.31094
Kalimantan Barat,KETAPANG,Kendawangan,Seriam,07-09-2026,13:12 WIB,NASA-NOAA20,Medium,-2.77203,110.30015
Kalimantan Barat,KETAPANG,Kendawangan,Seriam,07-09-2026,13:12 WIB,NASA-NOAA20,Medium,-2.77151,110.30358
Kalimantan Barat,KETAPANG,Kendawangan,Seriam,07-09-2026,13:12 WIB,NASA-NOAA20,Medium,-2.77098,110.30701
Kalimantan Barat,KETAPANG,Kendawangan,Seriam,07-09-2026,13:12 WIB,NASA-NOAA20,Medium,-2.77046,110.31045
Kalimantan Barat,KETAPANG,Kendawangan,Seriam,07-09-2026,13:12 WIB,NASA-NOAA20,Medium,-2.7682,110.30308
Kalimantan Barat,KETAPANG,Kendawangan,Seriam,07-09-2026,13:12 WIB,NASA-NOAA20,Medium,-2.76768,110.30652
Kalimantan Barat,KETAPANG,Kendawangan,Seriam,07-09-2026,13:12 WIB,NASA-NOAA20,Medium,-2.7221,110.3172
Kalimantan Barat,KETAPANG,Kendawangan,Seriam,07-09-2026,13:12 WIB,NASA-NOAA20,Medium,-2.72157,110.32063
Kalimantan Barat,KETAPANG,Kendawangan,Seriam,07-09-2026,13:12 WIB,NASA-NOAA20,Medium,-2.71879,110.3167
Kalimantan Barat,KETAPANG,Kendawangan,Seriam,07-09-2026,13:12 WIB,NASA-NOAA20,Medium,-2.71549,110.3162
Kalimantan Barat,KETAPANG,Kendawangan,Seriam,07-09-2026,13:12 WIB,NASA-NOAA20,Medium,-2.71496,110.31964
Kalimantan Barat,KETAPANG,Kendawangan,Seriam,07-09-2026,13:12 WIB,NASA-NOAA20,Medium,-2.7127,110.31227
Kalimantan Barat,KETAPANG,Kendawangan,Seriam,07-09-2026,13:12 WIB,NASA-NOAA20,Medium,-2.71218,110.3157
Kalimantan Barat,KETAPANG,Manis Mata,Pelempangan,07-09-2026,00:32 WIB,NASA-NOAA20,Medium,-2.14064,111.05775
Kalimantan Barat,KETAPANG,Manis Mata,Seguling,07-09-2026,00:32 WIB,NASA-NOAA20,Medium,-2.60227,111.09069
Kalimantan Barat,KETAPANG,Manis Mata,Seguling,07-09-2026,00:32 WIB,NASA-NOAA20,Medium,-2.59725,111.09153
Kalimantan Barat,KETAPANG,Manis Mata,Seguling,07-09-2026,00:32 WIB,NASA-NOAA20,Medium,-2.58709,111.09064
Kalimantan Barat,KETAPANG,Manis Mata,Seguling,07-09-2026,00:32 WIB,NASA-NOAA20,Medium,-2.58674,111.0903
Kalimantan Barat,KETAPANG,Manis Mata,Seguling,07-09-2026,00:32 WIB,NASA-NOAA20,Medium,-2.58662,111.08772
Kalimantan Barat,KETAPANG,Manis Mata,Seguling,07-09-2026,00:32 WIB,NASA-NOAA20,Medium,-2.58624,111.08739
Kalimantan Barat,KETAPANG,Manis Mata,Seguling,07-09-2026,00:32 WIB,NASA-NOAA20,Medium,-2.58161,111.08862
Kalimantan Barat,KETAPANG,Manis Mata,Seguling,07-09-2026,13:12 WIB,NASA-NOAA20,Medium,-2.58516,111.08043
Kalimantan Barat,KETAPANG,Manis Mata,Seguling,07-09-2026,13:12 WIB,NASA-NOAA20,Medium,-2.58183,111.07993
Kalimantan Barat,KETAPANG,Manis Mata,Suka Ramai,07-09-2026,13:12 WIB,NASA-NOAA20,Medium,-2.73618,111.11213
Kalimantan Barat,KETAPANG,Manis Mata,Sungai Buluh,07-09-2026,00:32 WIB,NASA-NOAA20,Medium,-2.57605,110.95771
Kalimantan Barat,KETAPANG,Manis Mata,Sungai Buluh,07-09-2026,00:32 WIB,NASA-NOAA20,Medium,-2.57469,110.9577
Kalimantan Barat,KETAPANG,Manis Mata,Sungai Buluh,07-09-2026,00:32 WIB,NASA-NOAA20,Medium,-2.5742,110.95478
Kalimantan Barat,KETAPANG,Manis Mata,Sungai Buluh,07-09-2026,00:32 WIB,NASA-NOAA20,Medium,-2.57099,110.95858
Kalimantan Barat,KETAPANG,Manis Mata,Sungai Buluh,07-09-2026,00:32 WIB,NASA-NOAA20,Medium,-2.57052,110.95566
Kalimantan Barat,KETAPANG,Manis Mata,Sungai Buluh,07-09-2026,00:32 WIB,NASA-NOAA20,Medium,-2.56497,111.04961
Kalimantan Barat,KETAPANG,Manis Mata,Sungai Buluh,07-09-2026,00:32 WIB,NASA-NOAA20,Medium,-2.5645,111.04671
Kalimantan Barat,KETAPANG,Manis Mata,Sungai Buluh,07-09-2026,00:32 WIB,NASA-NOAA20,Medium,-2.55947,111.04756
Kalimantan Barat,KETAPANG,Marau,Batu Payung Dua,07-09-2026,13:12 WIB,NASA-NOAA20,Medium,-2.0389,110.58939
Kalimantan Barat,KETAPANG,Matan Hilir Selatan,Pagar Mentimun,07-09-2026,13:12 WIB,NASA-NOAA20,Medium,-2.21,110.22552
Kalimantan Barat,KETAPANG,Matan Hilir Selatan,Pematang Gadung,07-09-2026,13:12 WIB,NASA-NOAA20,Medium,-1.97563,110.22697
Kalimantan Barat,KETAPANG,Matan Hilir Selatan,Pesaguan Kanan,07-09-2026,13:12 WIB,NASA-NOAA20,Medium,-2.01556,110.34197
Kalimantan Barat,KETAPANG,Matan Hilir Selatan,Pesaguan Kanan,07-09-2026,13:12 WIB,NASA-NOAA20,Medium,-2.01452,110.34885
Kalimantan Barat,KETAPANG,Matan Hilir Selatan,Pesaguan Kanan,07-09-2026,13:12 WIB,NASA-NOAA20,Medium,-2.01173,110.34491
Kalimantan Barat,KETAPANG,Matan Hilir Selatan,Sungai Besar,07-09-2026,00:32 WIB,NASA-NOAA20,Medium,-1.92812,110.11848
Kalimantan Barat,KETAPANG,Matan Hilir Selatan,Sungai Besar,07-09-2026,00:32 WIB,NASA-NOAA20,Medium,-1.92328,110.12286
Kalimantan Barat,KETAPANG,Matan Hilir Selatan,Sungai Besar,07-09-2026,00:32 WIB,NASA-NOAA20,Medium,-1.92271,110.11938
Kalimantan Barat,KETAPANG,Matan Hilir Selatan,Sungai Besar,07-09-2026,00:32 WIB,NASA-NOAA20,Medium,-1.88955,110.16567
Kalimantan Barat,KETAPANG,Matan Hilir Selatan,Sungai Besar,07-09-2026,00:32 WIB,NASA-NOAA20,Medium,-1.88359,110.16309
Kalimantan Barat,KETAPANG,Matan Hilir Selatan,Sungai Besar,07-09-2026,00:32 WIB,NASA-NOAA20,Medium,-1.85477,110.2242
Kalimantan Barat,KETAPANG,Matan Hilir Selatan,Sungai Besar,07-09-2026,00:32 WIB,NASA-NOAA20,Medium,-1.84849,110.2532
Kalimantan Barat,KETAPANG,Matan Hilir Selatan,Sungai Besar,07-09-2026,13:12 WIB,NASA-NOAA20,Medium,-1.88925,110.21347
Kalimantan Barat,KETAPANG,Matan Hilir Selatan,Sungai Besar,07-09-2026,13:12 WIB,NASA-NOAA20,Medium,-1.88595,110.21297
Kalimantan Barat,KETAPANG,Matan Hilir Selatan,Sungai Besar,07-09-2026,13:12 WIB,NASA-NOAA20,Medium,-1.87656,110.20804
Kalimantan Barat,KETAPANG,Matan Hilir Selatan,Sungai Besar,07-09-2026,13:12 WIB,NASA-NOAA20,Medium,-1.87325,110.20755
Kalimantan Barat,KETAPANG,Matan Hilir Selatan,Sungai Besar,07-09-2026,13:12 WIB,NASA-NOAA20,Medium,-1.85305,110.2291
Kalimantan Barat,KETAPANG,Matan Hilir Selatan,Sungai Besar,07-09-2026,13:12 WIB,NASA-NOAA20,Medium,-1.84885,110.25659
Kalimantan Barat,KETAPANG,Matan Hilir Selatan,Sungai Nanjung,07-09-2026,13:12 WIB,NASA-NOAA20,Medium,-2.16862,110.18304
Kalimantan Barat,KETAPANG,Matan Hilir Selatan,Sungai Nanjung,07-09-2026,13:12 WIB,NASA-NOAA20,Medium,-2.14315,110.30571
Kalimantan Barat,KETAPANG,Matan Hilir Selatan,Sungai Nanjung,07-09-2026,13:12 WIB,NASA-NOAA20,Medium,-2.12453,110.31697
Kalimantan Barat,KETAPANG,Matan Hilir Selatan,Sungai Pelang,07-09-2026,00:32 WIB,NASA-NOAA20,Medium,-1.84995,110.22854
Kalimantan Barat,KETAPANG,Matan Hilir Selatan,Sungai Pelang,07-09-2026,00:32 WIB,NASA-NOAA20,Medium,-1.84939,110.22513
Kalimantan Barat,KETAPANG,Matan Hilir Selatan,Sungai Pelang,07-09-2026,00:32 WIB,NASA-NOAA20,Medium,-1.84514,110.23286
Kalimantan Barat,KETAPANG,Matan Hilir Selatan,Sungai Pelang,07-09-2026,00:32 WIB,NASA-NOAA20,Medium,-1.84457,110.22945
Kalimantan Barat,KETAPANG,Matan Hilir Selatan,Sungai Pelang,07-09-2026,00:32 WIB,NASA-NOAA20,Medium,-1.83975,110.23373
Kalimantan Barat,KETAPANG,Matan Hilir Selatan,Sungai Pelang,07-09-2026,00:32 WIB,NASA-NOAA20,Medium,-1.83919,110.23032
Kalimantan Barat,KETAPANG,Matan Hilir Selatan,Sungai Pelang,07-09-2026,00:32 WIB,NASA-NOAA20,Medium,-1.83862,110.2269
Kalimantan Barat,KETAPANG,Matan Hilir Selatan,Sungai Pelang,07-09-2026,00:32 WIB,NASA-NOAA20,Medium,-1.83324,110.22778
Kalimantan Barat,KETAPANG,Matan Hilir Selatan,Sungai Pelang,07-09-2026,00:32 WIB,NASA-NOAA20,Medium,-1.82786,110.22867
Kalimantan Barat,KETAPANG,Matan Hilir Selatan,Sungai Pelang,07-09-2026,00:32 WIB,NASA-NOAA20,Medium,-1.82729,110.22527
Kalimantan Barat,KETAPANG,Matan Hilir Selatan,Sungai Pelang,07-09-2026,00:32 WIB,NASA-NOAA20,Medium,-1.82673,110.22186
Kalimantan Barat,KETAPANG,Matan Hilir Selatan,Sungai Pelang,07-09-2026,00:32 WIB,NASA-NOAA20,Medium,-1.8256,110.21506
Kalimantan Barat,KETAPANG,Matan Hilir Selatan,Sungai Pelang,07-09-2026,13:12 WIB,NASA-NOAA20,Medium,-1.84903,110.2312
Kalimantan Barat,KETAPANG,Matan Hilir Selatan,Sungai Pelang,07-09-2026,13:12 WIB,NASA-NOAA20,Medium,-1.84576,110.16395
Kalimantan Barat,KETAPANG,Matan Hilir Selatan,Sungai Pelang,07-09-2026,13:12 WIB,NASA-NOAA20,Medium,-1.8452,110.23413
Kalimantan Barat,KETAPANG,Matan Hilir Selatan,Sungai Pelang,07-09-2026,13:12 WIB,NASA-NOAA20,Medium,-1.8419,110.23363
Kalimantan Barat,KETAPANG,Matan Hilir Selatan,Sungai Pelang,07-09-2026,13:12 WIB,NASA-NOAA20,Medium,-1.84137,110.23707
Kalimantan Barat,KETAPANG,Matan Hilir Utara,Kuala Tolak,07-09-2026,00:32 WIB,NASA-NOAA20,Medium,-1.47544,110.1576
Kalimantan Barat,KETAPANG,Matan Hilir Utara,Kuala Tolak,07-09-2026,00:32 WIB,NASA-NOAA20,Medium,-1.47378,110.14036
Kalimantan Barat,KETAPANG,Matan Hilir Utara,Kuala Tolak,07-09-2026,00:32 WIB,NASA-NOAA20,Medium,-1.47322,110.14356
Kalimantan Barat,KETAPANG,Matan Hilir Utara,Kuala Tolak,07-09-2026,00:32 WIB,NASA-NOAA20,Medium,-1.47266,110.14006
Kalimantan Barat,KETAPANG,Matan Hilir Utara,Kuala Tolak,07-09-2026,00:32 WIB,NASA-NOAA20,Medium,-1.47183,110.16226
Kalimantan Barat,KETAPANG,Matan Hilir Utara,Kuala Tolak,07-09-2026,00:32 WIB,NASA-NOAA20,Medium,-1.47125,110.15877
Kalimantan Barat,KETAPANG,Matan Hilir Utara,Kuala Tolak,07-09-2026,00:32 WIB,NASA-NOAA20,Medium,-1.47056,110.16203
Kalimantan Barat,KETAPANG,Matan Hilir Utara,Kuala Tolak,07-09-2026,00:32 WIB,NASA-NOAA20,Medium,-1.47001,110.15852
Kalimantan Barat,KETAPANG,Matan Hilir Utara,Kuala Tolak,07-09-2026,00:32 WIB,NASA-NOAA20,Medium,-1.46777,110.14448
Kalimantan Barat,KETAPANG,Matan Hilir Utara,Kuala Tolak,07-09-2026,13:12 WIB,NASA-NOAA20,Medium,-1.49596,110.16517
Kalimantan Barat,KETAPANG,Matan Hilir Utara,Kuala Tolak,07-09-2026,13:12 WIB,NASA-NOAA20,Medium,-1.48673,110.18134
Kalimantan Barat,KETAPANG,Matan Hilir Utara,Kuala Tolak,07-09-2026,13:12 WIB,NASA-NOAA20,Medium,-1.48447,110.17398
Kalimantan Barat,KETAPANG,Matan Hilir Utara,Kuala Tolak,07-09-2026,13:12 WIB,NASA-NOAA20,Medium,-1.48395,110.17741
Kalimantan Barat,KETAPANG,Matan Hilir Utara,Kuala Tolak,07-09-2026,13:12 WIB,NASA-NOAA20,Medium,-1.48343,110.18085
Kalimantan Barat,KETAPANG,Matan Hilir Utara,Kuala Tolak,07-09-2026,13:12 WIB,NASA-NOAA20,Medium,-1.48169,110.17004
Kalimantan Barat,KETAPANG,Matan Hilir Utara,Kuala Tolak,07-09-2026,13:12 WIB,NASA-NOAA20,Medium,-1.48117,110.17348
Kalimantan Barat,KETAPANG,Matan Hilir Utara,Kuala Tolak,07-09-2026,13:12 WIB,NASA-NOAA20,Medium,-1.48064,110.17691
Kalimantan Barat,KETAPANG,Matan Hilir Utara,Kuala Tolak,07-09-2026,13:12 WIB,NASA-NOAA20,Medium,-1.48012,110.18035
Kalimantan Barat,KETAPANG,Matan Hilir Utara,Kuala Tolak,07-09-2026,13:12 WIB,NASA-NOAA20,Medium,-1.4796,110.18378
Kalimantan Barat,KETAPANG,Matan Hilir Utara,Kuala Tolak,07-09-2026,13:12 WIB,NASA-NOAA20,Medium,-1.47786,110.17298
Kalimantan Barat,KETAPANG,Matan Hilir Utara,Kuala Tolak,07-09-2026,13:12 WIB,NASA-NOAA20,Medium,-1.47734,110.17641
Kalimantan Barat,KETAPANG,Matan Hilir Utara,Kuala Tolak,07-09-2026,13:12 WIB,NASA-NOAA20,Medium,-1.47456,110.17248
Kalimantan Barat,KETAPANG,Matan Hilir Utara,Kuala Tolak,07-09-2026,13:12 WIB,NASA-NOAA20,Medium,-1.47403,110.17592
Kalimantan Barat,KETAPANG,Matan Hilir Utara,Kuala Tolak,07-09-2026,13:12 WIB,NASA-NOAA20,Medium,-1.47351,110.17935
Kalimantan Barat,KETAPANG,Matan Hilir Utara,Kuala Tolak,07-09-2026,13:12 WIB,NASA-NOAA20,Medium,-1.47125,110.17198
Kalimantan Barat,KETAPANG,Matan Hilir Utara,Kuala Tolak,07-09-2026,13:12 WIB,NASA-NOAA20,Medium,-1.47073,110.17542
Kalimantan Barat,KETAPANG,Matan Hilir Utara,Kuala Tolak,07-09-2026,13:12 WIB,NASA-NOAA20,Medium,-1.4702,110.17886
Kalimantan Barat,KETAPANG,Matan Hilir Utara,Kuala Tolak,07-09-2026,13:12 WIB,NASA-NOAA20,Medium,-1.46795,110.17149
Kalimantan Barat,KETAPANG,Matan Hilir Utara,Kuala Tolak,07-09-2026,13:12 WIB,NASA-NOAA20,Medium,-1.46742,110.17492
Kalimantan Barat,KETAPANG,Matan Hilir Utara,Kuala Tolak,07-09-2026,13:12 WIB,NASA-NOAA20,Medium,-1.4669,110.17835
Kalimantan Barat,KETAPANG,Matan Hilir Utara,Lamon Satong,07-09-2026,13:12 WIB,NASA-NOAA20,Medium,-1.52309,110.18682
Kalimantan Barat,KETAPANG,Matan Hilir Utara,Lamon Satong,07-09-2026,13:12 WIB,NASA-NOAA20,Medium,-1.52031,110.18289
Kalimantan Barat,KETAPANG,Matan Hilir Utara,Lamon Satong,07-09-2026,13:12 WIB,NASA-NOAA20,Medium,-1.51979,110.18633
Kalimantan Barat,KETAPANG,Matan Hilir Utara,Lamon Satong,07-09-2026,13:12 WIB,NASA-NOAA20,Medium,-1.51926,110.18976
Kalimantan Barat,KETAPANG,Matan Hilir Utara,Lamon Satong,07-09-2026,13:12 WIB,NASA-NOAA20,Medium,-1.51874,110.1932
Kalimantan Barat,KETAPANG,Matan Hilir Utara,Lamon Satong,07-09-2026,13:12 WIB,NASA-NOAA20,Medium,-1.51386,110.203
Kalimantan Barat,KETAPANG,Matan Hilir Utara,Lamon Satong,07-09-2026,13:12 WIB,NASA-NOAA20,Medium,-1.50391,110.26832
Kalimantan Barat,KETAPANG,Matan Hilir Utara,Lamon Satong,07-09-2026,13:12 WIB,NASA-NOAA20,Medium,-1.47782,110.23978
Kalimantan Barat,KETAPANG,Matan Hilir Utara,Lamon Satong,07-09-2026,13:12 WIB,NASA-NOAA20,Medium,-1.47451,110.23928
Kalimantan Barat,KETAPANG,Matan Hilir Utara,Lamon Satong,07-09-2026,13:12 WIB,NASA-NOAA20,Medium,-1.47399,110.24271
Kalimantan Barat,KETAPANG,Matan Hilir Utara,Sungai Putri,07-09-2026,13:12 WIB,NASA-NOAA20,Medium,-1.56395,110.0775
Kalimantan Barat,KETAPANG,Matan Hilir Utara,Sungai Putri,07-09-2026,13:12 WIB,NASA-NOAA20,Medium,-1.56343,110.08093
Kalimantan Barat,KETAPANG,Matan Hilir Utara,Sungai Putri,07-09-2026,13:12 WIB,NASA-NOAA20,Medium,-1.56327,110.05984
Kalimantan Barat,KETAPANG,Matan Hilir Utara,Sungai Putri,07-09-2026,13:12 WIB,NASA-NOAA20,Medium,-1.56274,110.06327
Kalimantan Barat,KETAPANG,Matan Hilir Utara,Sungai Putri,07-09-2026,13:12 WIB,NASA-NOAA20,Medium,-1.56065,110.077
Kalimantan Barat,KETAPANG,Matan Hilir Utara,Sungai Putri,07-09-2026,13:12 WIB,NASA-NOAA20,Medium,-1.56012,110.08044
Kalimantan Barat,KETAPANG,Matan Hilir Utara,Sungai Putri,07-09-2026,13:12 WIB,NASA-NOAA20,Medium,-1.55997,110.05934
Kalimantan Barat,KETAPANG,Matan Hilir Utara,Sungai Putri,07-09-2026,13:12 WIB,NASA-NOAA20,Medium,-1.55944,110.06277
Kalimantan Barat,KETAPANG,Matan Hilir Utara,Sungai Putri,07-09-2026,13:12 WIB,NASA-NOAA20,Medium,-1.55682,110.07993
Kalimantan Barat,KETAPANG,Matan Hilir Utara,Sungai Putri,07-09-2026,13:12 WIB,NASA-NOAA20,Medium,-1.5563,110.08337
Kalimantan Barat,KETAPANG,Matan Hilir Utara,Sungai Putri,07-09-2026,13:12 WIB,NASA-NOAA20,Medium,-1.55509,110.06913
Kalimantan Barat,KETAPANG,Matan Hilir Utara,Sungai Putri,07-09-2026,13:12 WIB,NASA-NOAA20,Medium,-1.55404,110.076
Kalimantan Barat,KETAPANG,Matan Hilir Utara,Tanjung Baik Budi,07-09-2026,13:12 WIB,NASA-NOAA20,Medium,-1.55352,110.07944
Kalimantan Barat,KETAPANG,Matan Hilir Utara,Tanjung Baik Budi,07-09-2026,13:12 WIB,NASA-NOAA20,Medium,-1.55126,110.07207
Kalimantan Barat,KETAPANG,Matan Hilir Utara,Tanjung Baik Budi,07-09-2026,13:12 WIB,NASA-NOAA20,Medium,-1.55074,110.07551
Kalimantan Barat,KETAPANG,Muara Pawan,Mayak,07-09-2026,13:12 WIB,NASA-NOAA20,Medium,-1.76104,110.16525
Kalimantan Barat,KETAPANG,Muara Pawan,Mayak,07-09-2026,13:12 WIB,NASA-NOAA20,Medium,-1.75963,110.19662
Kalimantan Barat,KETAPANG,Muara Pawan,Mayak,07-09-2026,13:12 WIB,NASA-NOAA20,Medium,-1.74702,110.18726
Kalimantan Barat,KETAPANG,Muara Pawan,Mayak,07-09-2026,13:12 WIB,NASA-NOAA20,Medium,-1.74424,110.18332
Kalimantan Barat,KETAPANG,Muara Pawan,Mayak,07-09-2026,13:12 WIB,NASA-NOAA20,Medium,-1.7413,110.15828
Kalimantan Barat,KETAPANG,Muara Pawan,Mayak,07-09-2026,13:12 WIB,NASA-NOAA20,Medium,-1.74041,110.18626
Kalimantan Barat,KETAPANG,Muara Pawan,Mayak,07-09-2026,13:12 WIB,NASA-NOAA20,Medium,-1.73086,110.16022
Kalimantan Barat,KETAPANG,Muara Pawan,Sungai Awan Kiri,07-09-2026,13:12 WIB,NASA-NOAA20,Medium,-1.72899,110.06159
Kalimantan Barat,KETAPANG,Muara Pawan,Tanjung Pura,07-09-2026,13:12 WIB,NASA-NOAA20,Medium,-1.71135,110.19944
Kalimantan Barat,KETAPANG,Muara Pawan,Tanjung Pura,07-09-2026,13:12 WIB,NASA-NOAA20,Medium,-1.71083,110.20287
Kalimantan Barat,KETAPANG,Muara Pawan,Tanjung Pura,07-09-2026,13:12 WIB,NASA-NOAA20,Medium,-1.69849,110.17291
Kalimantan Barat,KETAPANG,Muara Pawan,Tanjung Pura,07-09-2026,13:12 WIB,NASA-NOAA20,Medium,-1.69712,110.13757
Kalimantan Barat,KETAPANG,Muara Pawan,Tempurukan,07-09-2026,13:12 WIB,NASA-NOAA20,Medium,-1.66428,110.08697
Kalimantan Barat,KETAPANG,Muara Pawan,Tempurukan,07-09-2026,13:12 WIB,NASA-NOAA20,Medium,-1.64326,110.08945
Kalimantan Barat,KETAPANG,Muara Pawan,Ulak Medang,07-09-2026,00:32 WIB,NASA-NOAA20,Medium,-1.65063,110.29065
Kalimantan Barat,KETAPANG,Muara Pawan,Ulak Medang,07-09-2026,13:12 WIB,NASA-NOAA20,Medium,-1.63925,110.27295
Kalimantan Barat,KETAPANG,Muara Pawan,Ulak Medang,07-09-2026,13:12 WIB,NASA-NOAA20,Medium,-1.52187,110.26443
Kalimantan Barat,KETAPANG,Muara Pawan,Ulak Medang,07-09-2026,13:12 WIB,NASA-NOAA20,Medium,-1.51871,110.25999
Kalimantan Barat,KETAPANG,Muara Pawan,Ulak Medang,07-09-2026,13:12 WIB,NASA-NOAA20,Medium,-1.51819,110.26344
Kalimantan Barat,KETAPANG,Muara Pawan,Ulak Medang,07-09-2026,13:12 WIB,NASA-NOAA20,Medium,-1.51662,110.27375
Kalimantan Barat,KETAPANG,Muara Pawan,Ulak Medang,07-09-2026,13:12 WIB,NASA-NOAA20,Medium,-1.51645,110.25262
Kalimantan Barat,KETAPANG,Muara Pawan,Ulak Medang,07-09-2026,13:12 WIB,NASA-NOAA20,Medium,-1.51593,110.25607
Kalimantan Barat,KETAPANG,Muara Pawan,Ulak Medang,07-09-2026,13:12 WIB,NASA-NOAA20,Medium,-1.5154,110.2595
Kalimantan Barat,KETAPANG,Muara Pawan,Ulak Medang,07-09-2026,13:12 WIB,NASA-NOAA20,Medium,-1.51488,110.26294
Kalimantan Barat,KETAPANG,Muara Pawan,Ulak Medang,07-09-2026,13:12 WIB,NASA-NOAA20,Medium,-1.51436,110.26637
Kalimantan Barat,KETAPANG,Muara Pawan,Ulak Medang,07-09-2026,13:12 WIB,NASA-NOAA20,Medium,-1.51383,110.26981
Kalimantan Barat,KETAPANG,Muara Pawan,Ulak Medang,07-09-2026,13:12 WIB,NASA-NOAA20,Medium,-1.51314,110.25213
Kalimantan Barat,KETAPANG,Muara Pawan,Ulak Medang,07-09-2026,13:12 WIB,NASA-NOAA20,Medium,-1.51262,110.25556
Kalimantan Barat,KETAPANG,Muara Pawan,Ulak Medang,07-09-2026,13:12 WIB,NASA-NOAA20,Medium,-1.51226,110.28014
Kalimantan Barat,KETAPANG,Muara Pawan,Ulak Medang,07-09-2026,13:12 WIB,NASA-NOAA20,Medium,-1.5121,110.259
Kalimantan Barat,KETAPANG,Muara Pawan,Ulak Medang,07-09-2026,13:12 WIB,NASA-NOAA20,Medium,-1.51036,110.24819
Kalimantan Barat,KETAPANG,Muara Pawan,Ulak Medang,07-09-2026,13:12 WIB,NASA-NOAA20,Medium,-1.51,110.27276
Kalimantan Barat,KETAPANG,Muara Pawan,Ulak Medang,07-09-2026,13:12 WIB,NASA-NOAA20,Medium,-1.50948,110.2762
Kalimantan Barat,KETAPANG,Muara Pawan,Ulak Medang,07-09-2026,13:12 WIB,NASA-NOAA20,Medium,-1.50895,110.27964
Kalimantan Barat,KETAPANG,Muara Pawan,Ulak Medang,07-09-2026,13:12 WIB,NASA-NOAA20,Medium,-1.50879,110.2585
Kalimantan Barat,KETAPANG,Muara Pawan,Ulak Medang,07-09-2026,13:12 WIB,NASA-NOAA20,Medium,-1.50827,110.26194
Kalimantan Barat,KETAPANG,Muara Pawan,Ulak Medang,07-09-2026,13:12 WIB,NASA-NOAA20,Medium,-1.50774,110.26538
Kalimantan Barat,KETAPANG,Muara Pawan,Ulak Medang,07-09-2026,13:12 WIB,NASA-NOAA20,Medium,-1.50722,110.26881
Kalimantan Barat,KETAPANG,Muara Pawan,Ulak Medang,07-09-2026,13:12 WIB,NASA-NOAA20,Medium,-1.50705,110.2477
Kalimantan Barat,KETAPANG,Muara Pawan,Ulak Medang,07-09-2026,13:12 WIB,NASA-NOAA20,Medium,-1.5067,110.27225
Kalimantan Barat,KETAPANG,Nanga Tayap,Betenung,07-09-2026,00:32 WIB,NASA-NOAA20,Medium,-1.5656,110.82683
Kalimantan Barat,KETAPANG,Nanga Tayap,Cegolak,07-09-2026,13:12 WIB,NASA-NOAA20,Medium,-1.65935,110.69621
Kalimantan Barat,KETAPANG,Nanga Tayap,Cegolak,07-09-2026,13:12 WIB,NASA-NOAA20,Medium,-1.65883,110.69964
Kalimantan Barat,KETAPANG,Nanga Tayap,Mensubang,07-09-2026,13:12 WIB,NASA-NOAA20,Medium,-1.34625,110.4129
Kalimantan Barat,KETAPANG,Nanga Tayap,Mensubang,07-09-2026,13:12 WIB,NASA-NOAA20,Medium,-1.34572,110.41634
Kalimantan Barat,KETAPANG,Nanga Tayap,Mensubang,07-09-2026,13:12 WIB,NASA-NOAA20,Medium,-1.30731,110.4459
Kalimantan Barat,KETAPANG,Nanga Tayap,Nanga Tayap,07-09-2026,00:32 WIB,NASA-NOAA20,Medium,-1.46709,110.64957
Kalimantan Barat,KETAPANG,Nanga Tayap,Sepakat Jaya,07-09-2026,13:12 WIB,NASA-NOAA20,Medium,-1.50769,110.44554
Kalimantan Barat,KETAPANG,Nanga Tayap,Sepakat Jaya,07-09-2026,13:12 WIB,NASA-NOAA20,Medium,-1.47436,110.44006
Kalimantan Barat,KETAPANG,Nanga Tayap,Siantau Raya,07-09-2026,13:12 WIB,NASA-NOAA20,Medium,-1.63978,110.42448
Kalimantan Barat,KETAPANG,Nanga Tayap,Simpang Tiga Sembelangaan,07-09-2026,13:12 WIB,NASA-NOAA20,Medium,-1.51517,110.33031
Kalimantan Barat,KETAPANG,Nanga Tayap,Simpang Tiga Sembelangaan,07-09-2026,13:12 WIB,NASA-NOAA20,Medium,-1.46938,110.36161
Kalimantan Barat,KETAPANG,Nanga Tayap,Sungai Kelik,07-09-2026,13:12 WIB,NASA-NOAA20,Medium,-1.58307,110.35113
Kalimantan Barat,KETAPANG,Nanga Tayap,Sungai Kelik,07-09-2026,13:12 WIB,NASA-NOAA20,Medium,-1.57231,110.31076
Kalimantan Barat,KETAPANG,Nanga Tayap,Sungai Kelik,07-09-2026,13:12 WIB,NASA-NOAA20,Medium,-1.57178,110.3142
Kalimantan Barat,KETAPANG,Nanga Tayap,Tanjung Medan,07-09-2026,13:12 WIB,NASA-NOAA20,Medium,-1.39751,110.41086
Kalimantan Barat,KETAPANG,Sandai,Pendamaran Indah,07-09-2026,13:12 WIB,NASA-NOAA20,Medium,-1.12873,110.63749
Kalimantan Barat,KETAPANG,Sandai,Penjawaan,07-09-2026,00:32 WIB,NASA-NOAA20,Medium,-1.28083,110.52631
Kalimantan Barat,KETAPANG,Sandai,Sandai,07-09-2026,00:32 WIB,NASA-NOAA20,Medium,-1.2871,110.53139
Kalimantan Barat,KETAPANG,Simpang Dua,Kampar Sebomban,07-09-2026,00:32 WIB,NASA-NOAA20,Medium,-0.89799,110.18391
Kalimantan Barat,KETAPANG,Simpang Dua,Kampar Sebomban,07-09-2026,00:32 WIB,NASA-NOAA20,Medium,-0.89538,110.20264
Kalimantan Barat,KETAPANG,Simpang Dua,Kampar Sebomban,07-09-2026,00:32 WIB,NASA-NOAA20,Medium,-0.88558,110.21149
Kalimantan Barat,KETAPANG,Simpang Dua,Kampar Sebomban,07-09-2026,00:32 WIB,NASA-NOAA20,Medium,-0.885,110.20795
Kalimantan Barat,KETAPANG,Simpang Dua,Kampar Sebomban,07-09-2026,00:32 WIB,NASA-NOAA20,Medium,-0.8801,110.21233
Kalimantan Barat,KETAPANG,Simpang Dua,Kampar Sebomban,07-09-2026,00:32 WIB,NASA-NOAA20,Medium,-0.87952,110.20879
Kalimantan Barat,KETAPANG,Simpang Dua,Kampar Sebomban,07-09-2026,00:32 WIB,NASA-NOAA20,Medium,-0.85153,110.1404
Kalimantan Barat,KETAPANG,Simpang Dua,Kampar Sebomban,07-09-2026,00:32 WIB,NASA-NOAA20,Medium,-0.84545,110.13774
Kalimantan Barat,KETAPANG,Simpang Dua,Kampar Sebomban,07-09-2026,00:32 WIB,NASA-NOAA20,Medium,-0.82794,110.20265
Kalimantan Barat,KETAPANG,Simpang Dua,Kampar Sebomban,07-09-2026,00:32 WIB,NASA-NOAA20,Medium,-0.82771,110.20402
Kalimantan Barat,KETAPANG,Simpang Dua,Kampar Sebomban,07-09-2026,00:32 WIB,NASA-NOAA20,Medium,-0.82716,110.20049
Kalimantan Barat,KETAPANG,Simpang Dua,Kampar Sebomban,07-09-2026,00:32 WIB,NASA-NOAA20,Medium,-0.82305,110.2071
Kalimantan Barat,KETAPANG,Simpang Dua,Kampar Sebomban,07-09-2026,00:32 WIB,NASA-NOAA20,Medium,-0.82246,110.20357
Kalimantan Barat,KETAPANG,Simpang Dua,Kampar Sebomban,07-09-2026,00:32 WIB,NASA-NOAA20,Medium,-0.82224,110.20495
Kalimantan Barat,KETAPANG,Simpang Dua,Kampar Sebomban,07-09-2026,00:32 WIB,NASA-NOAA20,Medium,-0.82168,110.20143
Kalimantan Barat,KETAPANG,Simpang Dua,Kampar Sebomban,07-09-2026,13:12 WIB,NASA-NOAA20,Medium,-0.90341,110.22327
Kalimantan Barat,KETAPANG,Simpang Dua,Kampar Sebomban,07-09-2026,13:12 WIB,NASA-NOAA20,Medium,-0.90258,110.18441
Kalimantan Barat,KETAPANG,Simpang Dua,Semandang Kanan,07-09-2026,00:32 WIB,NASA-NOAA20,Medium,-0.75687,110.32099
Kalimantan Barat,KETAPANG,Simpang Dua,Semandang Kanan,07-09-2026,00:32 WIB,NASA-NOAA20,Medium,-0.75187,110.36919
Kalimantan Barat,KETAPANG,Simpang Hulu,Balai Pinang,07-09-2026,13:12 WIB,NASA-NOAA20,Medium,-0.52096,110.37102
Kalimantan Barat,KETAPANG,Simpang Hulu,Balai Pinang Hulu,07-09-2026,13:12 WIB,NASA-NOAA20,Medium,-0.62654,110.34579
Kalimantan Barat,KETAPANG,Simpang Hulu,Balai Pinang Hulu,07-09-2026,13:12 WIB,NASA-NOAA20,Medium,-0.62638,110.32454
Kalimantan Barat,KETAPANG,Simpang Hulu,Botuh Bosi,07-09-2026,13:12 WIB,NASA-NOAA20,Medium,-0.58517,110.35018
Kalimantan Barat,KETAPANG,Simpang Hulu,Botuh Bosi,07-09-2026,13:12 WIB,NASA-NOAA20,Medium,-0.57522,110.34869
Kalimantan Barat,KETAPANG,Simpang Hulu,Botuh Bosi,07-09-2026,13:12 WIB,NASA-NOAA20,Medium,-0.55109,110.37337
Kalimantan Barat,KETAPANG,Simpang Hulu,Botuh Bosi,07-09-2026,13:12 WIB,NASA-NOAA20,Medium,-0.54777,110.37289
Kalimantan Barat,KETAPANG,Simpang Hulu,Kualan Hilir,07-09-2026,13:12 WIB,NASA-NOAA20,Medium,-0.59646,110.2318
Kalimantan Barat,KETAPANG,Simpang Hulu,Sekucing Labai,07-09-2026,13:12 WIB,NASA-NOAA20,Medium,-0.49624,110.08851
Kalimantan Barat,KETAPANG,Simpang Hulu,Sekucing Labai,07-09-2026,13:12 WIB,NASA-NOAA20,Medium,-0.49414,110.10226
Kalimantan Barat,KETAPANG,Simpang Hulu,Semandang Kiri,07-09-2026,13:12 WIB,NASA-NOAA20,Medium,-0.62755,110.40611
Kalimantan Barat,KETAPANG,Singkup,Sukaraja,07-09-2026,13:12 WIB,NASA-NOAA20,Medium,-2.3677,110.57085
Kalimantan Barat,KETAPANG,Singkup,Sukaraja,07-09-2026,13:12 WIB,NASA-NOAA20,Medium,-2.36161,110.5664
Kalimantan Barat,KETAPANG,Singkup,Sukaraja,07-09-2026,13:12 WIB,NASA-NOAA20,Medium,-2.35499,110.56539
Kalimantan Barat,KETAPANG,Singkup,Sukaraja,07-09-2026,13:12 WIB,NASA-NOAA20,Medium,-2.34837,110.5644
Kalimantan Barat,KETAPANG,Singkup,Sukaraja,07-09-2026,13:12 WIB,NASA-NOAA20,Medium,-2.34784,110.56785
Kalimantan Barat,KETAPANG,Singkup,Sukaraja,07-09-2026,13:12 WIB,NASA-NOAA20,Medium,-2.34506,110.5639
Kalimantan Barat,KETAPANG,Singkup,Sukaraja,07-09-2026,13:12 WIB,NASA-NOAA20,Medium,-2.34453,110.56734
Kalimantan Barat,KETAPANG,Sungai Laur,Sempurna,07-09-2026,00:32 WIB,NASA-NOAA20,Medium,-1.24193,110.4213
Kalimantan Barat,KETAPANG,Sungai Laur,Sempurna,07-09-2026,00:32 WIB,NASA-NOAA20,Medium,-1.22639,110.42728
Kalimantan Barat,KETAPANG,Sungai Laur,Sempurna,07-09-2026,00:32 WIB,NASA-NOAA20,Medium,-1.22585,110.42396
Kalimantan Barat,KETAPANG,Sungai Laur,Sempurna,07-09-2026,13:12 WIB,NASA-NOAA20,Medium,-1.23252,110.42355
Kalimantan Barat,KETAPANG,Sungai Melayu Rayak,Kepuluk,07-09-2026,00:32 WIB,NASA-NOAA20,Medium,-1.87131,110.4248
Kalimantan Barat,KETAPANG,Sungai Melayu Rayak,Makmur Abadi,07-09-2026,13:12 WIB,NASA-NOAA20,Medium,-1.77925,110.24529
Kalimantan Barat,KETAPANG,Sungai Melayu Rayak,Makmur Abadi,07-09-2026,13:12 WIB,NASA-NOAA20,Medium,-1.77594,110.24479
Kalimantan Barat,KETAPANG,Sungai Melayu Rayak,Makmur Abadi,07-09-2026,13:12 WIB,NASA-NOAA20,Medium,-1.77264,110.24429
Kalimantan Barat,KETAPANG,Sungai Melayu Rayak,Makmur Abadi,07-09-2026,13:12 WIB,NASA-NOAA20,Medium,-1.76933,110.2438
Kalimantan Barat,KETAPANG,Sungai Melayu Rayak,Makmur Abadi,07-09-2026,13:12 WIB,NASA-NOAA20,Medium,-1.76881,110.24723
Kalimantan Barat,KETAPANG,Sungai Melayu Rayak,Makmur Abadi,07-09-2026,13:12 WIB,NASA-NOAA20,Medium,-1.76723,110.25755
Kalimantan Barat,KETAPANG,Sungai Melayu Rayak,Makmur Abadi,07-09-2026,13:12 WIB,NASA-NOAA20,Medium,-1.76603,110.24329
Kalimantan Barat,KETAPANG,Sungai Melayu Rayak,Makmur Abadi,07-09-2026,13:12 WIB,NASA-NOAA20,Medium,-1.6845,110.2868
Kalimantan Barat,KETAPANG,Sungai Melayu Rayak,Sungai Melayu,07-09-2026,13:12 WIB,NASA-NOAA20,Medium,-1.87224,110.36917
Kalimantan Barat,KETAPANG,Sungai Melayu Rayak,Sungai Melayu,07-09-2026,13:12 WIB,NASA-NOAA20,Medium,-1.86946,110.36523
Kalimantan Barat,KETAPANG,Sungai Melayu Rayak,Sungai Melayu,07-09-2026,13:12 WIB,NASA-NOAA20,Medium,-1.79543,110.49415
Kalimantan Barat,KETAPANG,Sungai Melayu Rayak,Sungai Melayu,07-09-2026,13:12 WIB,NASA-NOAA20,Medium,-1.7949,110.49763
Kalimantan Barat,KETAPANG,Tumbang Titi,Nanga Kelampai,07-09-2026,13:12 WIB,NASA-NOAA20,Medium,-1.91673,110.49923
Kalimantan Barat,KETAPANG,Tumbang Titi,Petebang Jaya,07-09-2026,00:32 WIB,NASA-NOAA20,Medium,-1.799,110.73685
Kalimantan Barat,KETAPANG,Tumbang Titi,Petebang Jaya,07-09-2026,13:12 WIB,NASA-NOAA20,Medium,-1.84932,110.71896
Kalimantan Barat,KETAPANG,Tumbang Titi,Segar Wangi,07-09-2026,13:12 WIB,NASA-NOAA20,Medium,-1.88008,110.5396
Kalimantan Barat,KETAPANG,Tumbang Titi,Segar Wangi,07-09-2026,13:12 WIB,NASA-NOAA20,Medium,-1.87956,110.54305
Kalimantan Barat,KETAPANG,Matan Hilir Utara,Sungai Putri,07-09-2026,12:53 WIB,NASA-SNPP,High,-1.56971,110.06313
Kalimantan Barat,KETAPANG,Matan Hilir Utara,Sungai Putri,07-09-2026,12:53 WIB,NASA-SNPP,High,-1.56083,110.06183
Kalimantan Barat,KETAPANG,Muara Pawan,Mayak,07-09-2026,12:53 WIB,NASA-SNPP,High,-1.74356,110.18719
Kalimantan Barat,KETAPANG,Muara Pawan,Ulak Medang,07-09-2026,12:53 WIB,NASA-SNPP,High,-1.51405,110.25536
Kalimantan Barat,KETAPANG,Muara Pawan,Ulak Medang,07-09-2026,12:53 WIB,NASA-SNPP,High,-1.51343,110.25956
Kalimantan Barat,KETAPANG,Muara Pawan,Ulak Medang,07-09-2026,12:53 WIB,NASA-SNPP,High,-1.51342,110.2602
Kalimantan Barat,KETAPANG,Matan Hilir Utara,Kuala Tolak,07-09-2026,12:53 WIB,NASA-SNPP,Low,-1.47752,110.173
Kalimantan Barat,KETAPANG,Kendawangan,Air Hitam Besar,07-09-2026,12:53 WIB,NASA-SNPP,Medium,-2.77172,110.80076
Kalimantan Barat,KETAPANG,Kendawangan,Air Hitam Besar,07-09-2026,12:53 WIB,NASA-SNPP,Medium,-2.75871,110.77
Kalimantan Barat,KETAPANG,Kendawangan,Air Hitam Besar,07-09-2026,12:53 WIB,NASA-SNPP,Medium,-2.73658,110.7709
Kalimantan Barat,KETAPANG,Kendawangan,Airhitam Hulu,07-09-2026,01:51 WIB,NASA-SNPP,Medium,-2.66165,110.61075
Kalimantan Barat,KETAPANG,Kendawangan,Airhitam Hulu,07-09-2026,01:51 WIB,NASA-SNPP,Medium,-2.65648,110.61565
Kalimantan Barat,KETAPANG,Kendawangan,Airhitam Hulu,07-09-2026,01:51 WIB,NASA-SNPP,Medium,-2.65612,110.61359
Kalimantan Barat,KETAPANG,Kendawangan,Airhitam Hulu,07-09-2026,01:51 WIB,NASA-SNPP,Medium,-2.65589,110.61163
Kalimantan Barat,KETAPANG,Kendawangan,Airhitam Hulu,07-09-2026,01:51 WIB,NASA-SNPP,Medium,-2.65551,110.6096
Kalimantan Barat,KETAPANG,Kendawangan,Airhitam Hulu,07-09-2026,01:51 WIB,NASA-SNPP,Medium,-2.65072,110.61656
Kalimantan Barat,KETAPANG,Kendawangan,Airhitam Hulu,07-09-2026,01:51 WIB,NASA-SNPP,Medium,-2.65037,110.61449
Kalimantan Barat,KETAPANG,Kendawangan,Airhitam Hulu,07-09-2026,01:51 WIB,NASA-SNPP,Medium,-2.65013,110.61254
Kalimantan Barat,KETAPANG,Kendawangan,Airhitam Hulu,07-09-2026,12:53 WIB,NASA-SNPP,Medium,-2.6569,110.61353
Kalimantan Barat,KETAPANG,Kendawangan,Bangkal Serai,07-09-2026,01:51 WIB,NASA-SNPP,Medium,-2.3803,110.47392
Kalimantan Barat,KETAPANG,Kendawangan,Kedondong,07-09-2026,01:51 WIB,NASA-SNPP,Medium,-2.31757,110.3662
Kalimantan Barat,KETAPANG,Kendawangan,Kedondong,07-09-2026,01:51 WIB,NASA-SNPP,Medium,-2.317,110.36241
Kalimantan Barat,KETAPANG,Kendawangan,Kedondong,07-09-2026,01:51 WIB,NASA-SNPP,Medium,-2.26836,110.3299
Kalimantan Barat,KETAPANG,Kendawangan,Kedondong,07-09-2026,01:51 WIB,NASA-SNPP,Medium,-2.26392,110.33843
Kalimantan Barat,KETAPANG,Kendawangan,Kedondong,07-09-2026,01:51 WIB,NASA-SNPP,Medium,-2.26334,110.33467
Kalimantan Barat,KETAPANG,Kendawangan,Kedondong,07-09-2026,01:51 WIB,NASA-SNPP,Medium,-2.26277,110.33101
Kalimantan Barat,KETAPANG,Kendawangan,Kendawangan Kanan,07-09-2026,12:53 WIB,NASA-SNPP,Medium,-2.62852,110.22806
Kalimantan Barat,KETAPANG,Kendawangan,Kendawangan Kanan,07-09-2026,12:53 WIB,NASA-SNPP,Medium,-2.62406,110.22744
Kalimantan Barat,KETAPANG,Kendawangan,Pangkalan Batu,07-09-2026,01:51 WIB,NASA-SNPP,Medium,-2.20259,110.3133
Kalimantan Barat,KETAPANG,Kendawangan,Pangkalan Batu,07-09-2026,01:51 WIB,NASA-SNPP,Medium,-2.19811,110.32171
Kalimantan Barat,KETAPANG,Kendawangan,Pangkalan Batu,07-09-2026,01:51 WIB,NASA-SNPP,Medium,-2.19755,110.31797
Kalimantan Barat,KETAPANG,Kendawangan,Pangkalan Batu,07-09-2026,01:51 WIB,NASA-SNPP,Medium,-2.19698,110.31421
Kalimantan Barat,KETAPANG,Kendawangan,Pembedilan,07-09-2026,12:53 WIB,NASA-SNPP,Medium,-2.96576,110.31432
Kalimantan Barat,KETAPANG,Kendawangan,Pembedilan,07-09-2026,12:53 WIB,NASA-SNPP,Medium,-2.96511,110.31869
Kalimantan Barat,KETAPANG,Kendawangan,Pembedilan,07-09-2026,12:53 WIB,NASA-SNPP,Medium,-2.96446,110.32305
Kalimantan Barat,KETAPANG,Kendawangan,Pembedilan,07-09-2026,12:53 WIB,NASA-SNPP,Medium,-2.96065,110.31803
Kalimantan Barat,KETAPANG,Kendawangan,Pembedilan,07-09-2026,12:53 WIB,NASA-SNPP,Medium,-2.78818,110.32513
Kalimantan Barat,KETAPANG,Kendawangan,Pembedilan,07-09-2026,12:53 WIB,NASA-SNPP,Medium,-2.78534,110.32571
Kalimantan Barat,KETAPANG,Kendawangan,Pembedilan,07-09-2026,12:53 WIB,NASA-SNPP,Medium,-2.785,110.3158
Kalimantan Barat,KETAPANG,Kendawangan,Pembedilan,07-09-2026,12:53 WIB,NASA-SNPP,Medium,-2.78437,110.32014
Kalimantan Barat,KETAPANG,Kendawangan,Pembedilan,07-09-2026,12:53 WIB,NASA-SNPP,Medium,-2.78288,110.31207
Kalimantan Barat,KETAPANG,Kendawangan,Seriam,07-09-2026,12:53 WIB,NASA-SNPP,Medium,-2.78222,110.31641
Kalimantan Barat,KETAPANG,Kendawangan,Seriam,07-09-2026,12:53 WIB,NASA-SNPP,Medium,-2.77778,110.31573
Kalimantan Barat,KETAPANG,Kendawangan,Seriam,07-09-2026,12:53 WIB,NASA-SNPP,Medium,-2.774,110.31072
Kalimantan Barat,KETAPANG,Kendawangan,Seriam,07-09-2026,12:53 WIB,NASA-SNPP,Medium,-2.77334,110.31507
Kalimantan Barat,KETAPANG,Kendawangan,Seriam,07-09-2026,12:53 WIB,NASA-SNPP,Medium,-2.77152,110.29708
Kalimantan Barat,KETAPANG,Kendawangan,Seriam,07-09-2026,12:53 WIB,NASA-SNPP,Medium,-2.77086,110.30141
Kalimantan Barat,KETAPANG,Kendawangan,Seriam,07-09-2026,12:53 WIB,NASA-SNPP,Medium,-2.77021,110.30574
Kalimantan Barat,KETAPANG,Kendawangan,Seriam,07-09-2026,12:53 WIB,NASA-SNPP,Medium,-2.76955,110.31007
Kalimantan Barat,KETAPANG,Kendawangan,Seriam,07-09-2026,12:53 WIB,NASA-SNPP,Medium,-2.76642,110.30077
Kalimantan Barat,KETAPANG,Kendawangan,Seriam,07-09-2026,12:53 WIB,NASA-SNPP,Medium,-2.76576,110.30508
Kalimantan Barat,KETAPANG,Kendawangan,Seriam,07-09-2026,12:53 WIB,NASA-SNPP,Medium,-2.71428,110.31532
Kalimantan Barat,KETAPANG,Manis Mata,Sungai Buluh,07-09-2026,01:51 WIB,NASA-SNPP,Medium,-2.5767,110.9558
Kalimantan Barat,KETAPANG,Manis Mata,Sungai Buluh,07-09-2026,01:51 WIB,NASA-SNPP,Medium,-2.57272,110.95869
Kalimantan Barat,KETAPANG,Manis Mata,Sungai Buluh,07-09-2026,01:51 WIB,NASA-SNPP,Medium,-2.57207,110.95445
Kalimantan Barat,KETAPANG,Marau,Batu Payung Dua,07-09-2026,12:53 WIB,NASA-SNPP,Medium,-2.03795,110.58751
Kalimantan Barat,KETAPANG,Marau,Batu Payung Dua,07-09-2026,12:53 WIB,NASA-SNPP,Medium,-2.0331,110.59049
Kalimantan Barat,KETAPANG,Matan Hilir Selatan,Pesaguan Kanan,07-09-2026,12:53 WIB,NASA-SNPP,Medium,-2.01104,110.34634
Kalimantan Barat,KETAPANG,Matan Hilir Selatan,Pesaguan Kanan,07-09-2026,12:53 WIB,NASA-SNPP,Medium,-2.01039,110.35054
Kalimantan Barat,KETAPANG,Matan Hilir Selatan,Sungai Besar,07-09-2026,12:53 WIB,NASA-SNPP,Medium,-1.92475,110.12045
Kalimantan Barat,KETAPANG,Matan Hilir Selatan,Sungai Nanjung,07-09-2026,12:53 WIB,NASA-SNPP,Medium,-2.17793,110.24695
Kalimantan Barat,KETAPANG,Matan Hilir Selatan,Sungai Nanjung,07-09-2026,12:53 WIB,NASA-SNPP,Medium,-2.17351,110.2463
Kalimantan Barat,KETAPANG,Matan Hilir Selatan,Sungai Nanjung,07-09-2026,12:53 WIB,NASA-SNPP,Medium,-2.17066,110.18591
Kalimantan Barat,KETAPANG,Matan Hilir Selatan,Sungai Nanjung,07-09-2026,12:53 WIB,NASA-SNPP,Medium,-2.16911,110.18382
Kalimantan Barat,KETAPANG,Matan Hilir Selatan,Sungai Nanjung,07-09-2026,12:53 WIB,NASA-SNPP,Medium,-2.16622,110.18527
Kalimantan Barat,KETAPANG,Matan Hilir Utara,Kuala Satong,07-09-2026,01:51 WIB,NASA-SNPP,Medium,-1.41623,110.12524
Kalimantan Barat,KETAPANG,Matan Hilir Utara,Kuala Satong,07-09-2026,01:51 WIB,NASA-SNPP,Medium,-1.37904,110.14263
Kalimantan Barat,KETAPANG,Matan Hilir Utara,Kuala Satong,07-09-2026,12:53 WIB,NASA-SNPP,Medium,-1.41739,110.12579
Kalimantan Barat,KETAPANG,Matan Hilir Utara,Kuala Tolak,07-09-2026,01:51 WIB,NASA-SNPP,Medium,-1.50946,110.14698
Kalimantan Barat,KETAPANG,Matan Hilir Utara,Kuala Tolak,07-09-2026,01:51 WIB,NASA-SNPP,Medium,-1.50912,110.14761
Kalimantan Barat,KETAPANG,Matan Hilir Utara,Kuala Tolak,07-09-2026,01:51 WIB,NASA-SNPP,Medium,-1.50889,110.14346
Kalimantan Barat,KETAPANG,Matan Hilir Utara,Kuala Tolak,07-09-2026,01:51 WIB,NASA-SNPP,Medium,-1.50859,110.14406
Kalimantan Barat,KETAPANG,Matan Hilir Utara,Kuala Tolak,07-09-2026,01:51 WIB,NASA-SNPP,Medium,-1.50284,110.1407
Kalimantan Barat,KETAPANG,Matan Hilir Utara,Kuala Tolak,07-09-2026,01:51 WIB,NASA-SNPP,Medium,-1.50256,110.14132
Kalimantan Barat,KETAPANG,Matan Hilir Utara,Kuala Tolak,07-09-2026,01:51 WIB,NASA-SNPP,Medium,-1.50228,110.13716
Kalimantan Barat,KETAPANG,Matan Hilir Utara,Kuala Tolak,07-09-2026,01:51 WIB,NASA-SNPP,Medium,-1.50202,110.13778
Kalimantan Barat,KETAPANG,Matan Hilir Utara,Kuala Tolak,07-09-2026,01:51 WIB,NASA-SNPP,Medium,-1.49408,110.15645
Kalimantan Barat,KETAPANG,Matan Hilir Utara,Kuala Tolak,07-09-2026,01:51 WIB,NASA-SNPP,Medium,-1.49073,110.09998
Kalimantan Barat,KETAPANG,Matan Hilir Utara,Kuala Tolak,07-09-2026,01:51 WIB,NASA-SNPP,Medium,-1.4907,110.09945
Kalimantan Barat,KETAPANG,Matan Hilir Utara,Kuala Tolak,07-09-2026,01:51 WIB,NASA-SNPP,Medium,-1.48866,110.19373
Kalimantan Barat,KETAPANG,Matan Hilir Utara,Kuala Tolak,07-09-2026,01:51 WIB,NASA-SNPP,Medium,-1.48523,110.1003
Kalimantan Barat,KETAPANG,Matan Hilir Utara,Kuala Tolak,07-09-2026,01:51 WIB,NASA-SNPP,Medium,-1.48431,110.20193
Kalimantan Barat,KETAPANG,Matan Hilir Utara,Kuala Tolak,07-09-2026,01:51 WIB,NASA-SNPP,Medium,-1.48374,110.19828
Kalimantan Barat,KETAPANG,Matan Hilir Utara,Kuala Tolak,07-09-2026,01:51 WIB,NASA-SNPP,Medium,-1.48205,110.18749
Kalimantan Barat,KETAPANG,Matan Hilir Utara,Kuala Tolak,07-09-2026,01:51 WIB,NASA-SNPP,Medium,-1.48094,110.18037
Kalimantan Barat,KETAPANG,Matan Hilir Utara,Kuala Tolak,07-09-2026,01:51 WIB,NASA-SNPP,Medium,-1.48038,110.17682
Kalimantan Barat,KETAPANG,Matan Hilir Utara,Kuala Tolak,07-09-2026,01:51 WIB,NASA-SNPP,Medium,-1.48031,110.10464
Kalimantan Barat,KETAPANG,Matan Hilir Utara,Kuala Tolak,07-09-2026,01:51 WIB,NASA-SNPP,Medium,-1.47983,110.17326
Kalimantan Barat,KETAPANG,Matan Hilir Utara,Kuala Tolak,07-09-2026,01:51 WIB,NASA-SNPP,Medium,-1.47976,110.10114
Kalimantan Barat,KETAPANG,Matan Hilir Utara,Kuala Tolak,07-09-2026,01:51 WIB,NASA-SNPP,Medium,-1.47824,110.1992
Kalimantan Barat,KETAPANG,Matan Hilir Utara,Kuala Tolak,07-09-2026,01:51 WIB,NASA-SNPP,Medium,-1.476,110.18483
Kalimantan Barat,KETAPANG,Matan Hilir Utara,Kuala Tolak,07-09-2026,01:51 WIB,NASA-SNPP,Medium,-1.47544,110.18124
Kalimantan Barat,KETAPANG,Matan Hilir Utara,Kuala Tolak,07-09-2026,01:51 WIB,NASA-SNPP,Medium,-1.47488,110.17767
Kalimantan Barat,KETAPANG,Matan Hilir Utara,Kuala Tolak,07-09-2026,01:51 WIB,NASA-SNPP,Medium,-1.47483,110.10545
Kalimantan Barat,KETAPANG,Matan Hilir Utara,Kuala Tolak,07-09-2026,01:51 WIB,NASA-SNPP,Medium,-1.47433,110.17409
Kalimantan Barat,KETAPANG,Matan Hilir Utara,Kuala Tolak,07-09-2026,01:51 WIB,NASA-SNPP,Medium,-1.47428,110.10194
Kalimantan Barat,KETAPANG,Matan Hilir Utara,Kuala Tolak,07-09-2026,01:51 WIB,NASA-SNPP,Medium,-1.47377,110.17052
Kalimantan Barat,KETAPANG,Matan Hilir Utara,Kuala Tolak,07-09-2026,01:51 WIB,NASA-SNPP,Medium,-1.47374,110.09846
Kalimantan Barat,KETAPANG,Matan Hilir Utara,Kuala Tolak,07-09-2026,01:51 WIB,NASA-SNPP,Medium,-1.47319,110.09496
Kalimantan Barat,KETAPANG,Matan Hilir Utara,Kuala Tolak,07-09-2026,01:51 WIB,NASA-SNPP,Medium,-1.47274,110.20007
Kalimantan Barat,KETAPANG,Matan Hilir Utara,Kuala Tolak,07-09-2026,01:51 WIB,NASA-SNPP,Medium,-1.47218,110.19649
Kalimantan Barat,KETAPANG,Matan Hilir Utara,Kuala Tolak,07-09-2026,01:51 WIB,NASA-SNPP,Medium,-1.4721,110.12382
Kalimantan Barat,KETAPANG,Matan Hilir Utara,Kuala Tolak,07-09-2026,01:51 WIB,NASA-SNPP,Medium,-1.46995,110.18214
Kalimantan Barat,KETAPANG,Matan Hilir Utara,Kuala Tolak,07-09-2026,01:51 WIB,NASA-SNPP,Medium,-1.46939,110.17856
Kalimantan Barat,KETAPANG,Matan Hilir Utara,Kuala Tolak,07-09-2026,01:51 WIB,NASA-SNPP,Medium,-1.46883,110.17496
Kalimantan Barat,KETAPANG,Matan Hilir Utara,Kuala Tolak,07-09-2026,01:51 WIB,NASA-SNPP,Medium,-1.46881,110.10278
Kalimantan Barat,KETAPANG,Matan Hilir Utara,Kuala Tolak,07-09-2026,01:51 WIB,NASA-SNPP,Medium,-1.46828,110.17139
Kalimantan Barat,KETAPANG,Matan Hilir Utara,Kuala Tolak,07-09-2026,01:51 WIB,NASA-SNPP,Medium,-1.46826,110.09929
Kalimantan Barat,KETAPANG,Matan Hilir Utara,Kuala Tolak,07-09-2026,01:51 WIB,NASA-SNPP,Medium,-1.46772,110.0958
Kalimantan Barat,KETAPANG,Matan Hilir Utara,Kuala Tolak,07-09-2026,01:51 WIB,NASA-SNPP,Medium,-1.46772,110.1678
Kalimantan Barat,KETAPANG,Matan Hilir Utara,Kuala Tolak,07-09-2026,01:51 WIB,NASA-SNPP,Medium,-1.46723,110.20093
Kalimantan Barat,KETAPANG,Matan Hilir Utara,Kuala Tolak,07-09-2026,01:51 WIB,NASA-SNPP,Medium,-1.46441,110.14655
Kalimantan Barat,KETAPANG,Matan Hilir Utara,Kuala Tolak,07-09-2026,01:51 WIB,NASA-SNPP,Medium,-1.46386,110.14301
Kalimantan Barat,KETAPANG,Matan Hilir Utara,Kuala Tolak,07-09-2026,01:51 WIB,NASA-SNPP,Medium,-1.46334,110.10361
Kalimantan Barat,KETAPANG,Matan Hilir Utara,Kuala Tolak,07-09-2026,01:51 WIB,NASA-SNPP,Medium,-1.46332,110.1395
Kalimantan Barat,KETAPANG,Matan Hilir Utara,Kuala Tolak,07-09-2026,01:51 WIB,NASA-SNPP,Medium,-1.46279,110.10014
Kalimantan Barat,KETAPANG,Matan Hilir Utara,Kuala Tolak,07-09-2026,01:51 WIB,NASA-SNPP,Medium,-1.46277,110.13602
Kalimantan Barat,KETAPANG,Matan Hilir Utara,Kuala Tolak,07-09-2026,01:51 WIB,NASA-SNPP,Medium,-1.46225,110.09667
Kalimantan Barat,KETAPANG,Matan Hilir Utara,Kuala Tolak,07-09-2026,01:51 WIB,NASA-SNPP,Medium,-1.46003,110.15449
Kalimantan Barat,KETAPANG,Matan Hilir Utara,Kuala Tolak,07-09-2026,01:51 WIB,NASA-SNPP,Medium,-1.45951,110.11504
Kalimantan Barat,KETAPANG,Matan Hilir Utara,Kuala Tolak,07-09-2026,01:51 WIB,NASA-SNPP,Medium,-1.45948,110.15096
Kalimantan Barat,KETAPANG,Matan Hilir Utara,Kuala Tolak,07-09-2026,01:51 WIB,NASA-SNPP,Medium,-1.45896,110.11151
Kalimantan Barat,KETAPANG,Matan Hilir Utara,Kuala Tolak,07-09-2026,01:51 WIB,NASA-SNPP,Medium,-1.45893,110.14745
Kalimantan Barat,KETAPANG,Matan Hilir Utara,Kuala Tolak,07-09-2026,01:51 WIB,NASA-SNPP,Medium,-1.45842,110.10801
Kalimantan Barat,KETAPANG,Matan Hilir Utara,Kuala Tolak,07-09-2026,01:51 WIB,NASA-SNPP,Medium,-1.45787,110.10448
Kalimantan Barat,KETAPANG,Matan Hilir Utara,Kuala Tolak,07-09-2026,01:51 WIB,NASA-SNPP,Medium,-1.45785,110.14047
Kalimantan Barat,KETAPANG,Matan Hilir Utara,Kuala Tolak,07-09-2026,01:51 WIB,NASA-SNPP,Medium,-1.45733,110.10099
Kalimantan Barat,KETAPANG,Matan Hilir Utara,Kuala Tolak,07-09-2026,01:51 WIB,NASA-SNPP,Medium,-1.45731,110.13699
Kalimantan Barat,KETAPANG,Matan Hilir Utara,Kuala Tolak,07-09-2026,01:51 WIB,NASA-SNPP,Medium,-1.45678,110.0975
Kalimantan Barat,KETAPANG,Matan Hilir Utara,Kuala Tolak,07-09-2026,01:51 WIB,NASA-SNPP,Medium,-1.45404,110.11594
Kalimantan Barat,KETAPANG,Matan Hilir Utara,Kuala Tolak,07-09-2026,01:51 WIB,NASA-SNPP,Medium,-1.4535,110.11243
Kalimantan Barat,KETAPANG,Matan Hilir Utara,Kuala Tolak,07-09-2026,01:51 WIB,NASA-SNPP,Medium,-1.45295,110.10891
Kalimantan Barat,KETAPANG,Matan Hilir Utara,Kuala Tolak,07-09-2026,01:51 WIB,NASA-SNPP,Medium,-1.45241,110.10538
Kalimantan Barat,KETAPANG,Matan Hilir Utara,Kuala Tolak,07-09-2026,01:51 WIB,NASA-SNPP,Medium,-1.45186,110.10186
Kalimantan Barat,KETAPANG,Matan Hilir Utara,Kuala Tolak,07-09-2026,01:51 WIB,NASA-SNPP,Medium,-1.44803,110.11327
Kalimantan Barat,KETAPANG,Matan Hilir Utara,Kuala Tolak,07-09-2026,01:51 WIB,NASA-SNPP,Medium,-1.44748,110.10976
Kalimantan Barat,KETAPANG,Matan Hilir Utara,Kuala Tolak,07-09-2026,01:51 WIB,NASA-SNPP,Medium,-1.44694,110.10624
Kalimantan Barat,KETAPANG,Matan Hilir Utara,Kuala Tolak,07-09-2026,01:51 WIB,NASA-SNPP,Medium,-1.44584,110.09916
Kalimantan Barat,KETAPANG,Matan Hilir Utara,Kuala Tolak,07-09-2026,01:51 WIB,NASA-SNPP,Medium,-1.44255,110.11414
Kalimantan Barat,KETAPANG,Matan Hilir Utara,Kuala Tolak,07-09-2026,01:51 WIB,NASA-SNPP,Medium,-1.44201,110.1106
Kalimantan Barat,KETAPANG,Matan Hilir Utara,Kuala Tolak,07-09-2026,01:51 WIB,NASA-SNPP,Medium,-1.41945,110.14637
Kalimantan Barat,KETAPANG,Matan Hilir Utara,Kuala Tolak,07-09-2026,12:53 WIB,NASA-SNPP,Medium,-1.49724,110.13242
Kalimantan Barat,KETAPANG,Matan Hilir Utara,Kuala Tolak,07-09-2026,12:53 WIB,NASA-SNPP,Medium,-1.49348,110.1275
Kalimantan Barat,KETAPANG,Matan Hilir Utara,Kuala Tolak,07-09-2026,12:53 WIB,NASA-SNPP,Medium,-1.48192,110.17365
Kalimantan Barat,KETAPANG,Matan Hilir Utara,Kuala Tolak,07-09-2026,12:53 WIB,NASA-SNPP,Medium,-1.47312,110.17236
Kalimantan Barat,KETAPANG,Matan Hilir Utara,Kuala Tolak,07-09-2026,12:53 WIB,NASA-SNPP,Medium,-1.46937,110.16748
Kalimantan Barat,KETAPANG,Matan Hilir Utara,Kuala Tolak,07-09-2026,12:53 WIB,NASA-SNPP,Medium,-1.46873,110.1717
Kalimantan Barat,KETAPANG,Matan Hilir Utara,Kuala Tolak,07-09-2026,12:53 WIB,NASA-SNPP,Medium,-1.46809,110.1759
Kalimantan Barat,KETAPANG,Matan Hilir Utara,Kuala Tolak,07-09-2026,12:53 WIB,NASA-SNPP,Medium,-1.46433,110.17102
Kalimantan Barat,KETAPANG,Matan Hilir Utara,Kuala Tolak,07-09-2026,12:53 WIB,NASA-SNPP,Medium,-1.42288,110.14838
Kalimantan Barat,KETAPANG,Matan Hilir Utara,Kuala Tolak,07-09-2026,12:53 WIB,NASA-SNPP,Medium,-1.42287,110.14751
Kalimantan Barat,KETAPANG,Matan Hilir Utara,Kuala Tolak,07-09-2026,12:53 WIB,NASA-SNPP,Medium,-1.41848,110.14773
Kalimantan Barat,KETAPANG,Matan Hilir Utara,Kuala Tolak,07-09-2026,12:53 WIB,NASA-SNPP,Medium,-1.41847,110.14684
Kalimantan Barat,KETAPANG,Matan Hilir Utara,Lamon Satong,07-09-2026,01:51 WIB,NASA-SNPP,Medium,-1.4788,110.20279
Kalimantan Barat,KETAPANG,Matan Hilir Utara,Lamon Satong,07-09-2026,01:51 WIB,NASA-SNPP,Medium,-1.47329,110.20365
Kalimantan Barat,KETAPANG,Matan Hilir Utara,Lamon Satong,07-09-2026,01:51 WIB,NASA-SNPP,Medium,-1.35269,110.18976
Kalimantan Barat,KETAPANG,Matan Hilir Utara,Lamon Satong,07-09-2026,12:53 WIB,NASA-SNPP,Medium,-1.5202,110.18791
Kalimantan Barat,KETAPANG,Matan Hilir Utara,Lamon Satong,07-09-2026,12:53 WIB,NASA-SNPP,Medium,-1.51966,110.18709
Kalimantan Barat,KETAPANG,Matan Hilir Utara,Lamon Satong,07-09-2026,12:53 WIB,NASA-SNPP,Medium,-1.50345,110.26657
Kalimantan Barat,KETAPANG,Matan Hilir Utara,Sungai Putri,07-09-2026,01:51 WIB,NASA-SNPP,Medium,-1.5646,110.07033
Kalimantan Barat,KETAPANG,Matan Hilir Utara,Sungai Putri,07-09-2026,01:51 WIB,NASA-SNPP,Medium,-1.56406,110.06686
Kalimantan Barat,KETAPANG,Matan Hilir Utara,Sungai Putri,07-09-2026,01:51 WIB,NASA-SNPP,Medium,-1.5602,110.07808
Kalimantan Barat,KETAPANG,Matan Hilir Utara,Sungai Putri,07-09-2026,01:51 WIB,NASA-SNPP,Medium,-1.55966,110.07461
Kalimantan Barat,KETAPANG,Matan Hilir Utara,Sungai Putri,07-09-2026,01:51 WIB,NASA-SNPP,Medium,-1.55912,110.07115
Kalimantan Barat,KETAPANG,Matan Hilir Utara,Sungai Putri,07-09-2026,01:51 WIB,NASA-SNPP,Medium,-1.55859,110.0677
Kalimantan Barat,KETAPANG,Matan Hilir Utara,Sungai Putri,07-09-2026,01:51 WIB,NASA-SNPP,Medium,-1.55527,110.08244
Kalimantan Barat,KETAPANG,Matan Hilir Utara,Sungai Putri,07-09-2026,01:51 WIB,NASA-SNPP,Medium,-1.55473,110.07892
Kalimantan Barat,KETAPANG,Matan Hilir Utara,Sungai Putri,07-09-2026,01:51 WIB,NASA-SNPP,Medium,-1.55419,110.07545
Kalimantan Barat,KETAPANG,Matan Hilir Utara,Sungai Putri,07-09-2026,01:51 WIB,NASA-SNPP,Medium,-1.55365,110.07197
Kalimantan Barat,KETAPANG,Matan Hilir Utara,Sungai Putri,07-09-2026,01:51 WIB,NASA-SNPP,Medium,-1.55312,110.06851
Kalimantan Barat,KETAPANG,Matan Hilir Utara,Sungai Putri,07-09-2026,12:53 WIB,NASA-SNPP,Medium,-1.57415,110.0638
Kalimantan Barat,KETAPANG,Matan Hilir Utara,Sungai Putri,07-09-2026,12:53 WIB,NASA-SNPP,Medium,-1.56277,110.04884
Kalimantan Barat,KETAPANG,Matan Hilir Utara,Sungai Putri,07-09-2026,12:53 WIB,NASA-SNPP,Medium,-1.56148,110.0575
Kalimantan Barat,KETAPANG,Matan Hilir Utara,Sungai Putri,07-09-2026,12:53 WIB,NASA-SNPP,Medium,-1.56018,110.06618
Kalimantan Barat,KETAPANG,Matan Hilir Utara,Sungai Putri,07-09-2026,12:53 WIB,NASA-SNPP,Medium,-1.55953,110.07053
Kalimantan Barat,KETAPANG,Matan Hilir Utara,Sungai Putri,07-09-2026,12:53 WIB,NASA-SNPP,Medium,-1.55823,110.07924
Kalimantan Barat,KETAPANG,Matan Hilir Utara,Sungai Putri,07-09-2026,12:53 WIB,NASA-SNPP,Medium,-1.55759,110.08354
Kalimantan Barat,KETAPANG,Matan Hilir Utara,Sungai Putri,07-09-2026,12:53 WIB,NASA-SNPP,Medium,-1.55704,110.05684
Kalimantan Barat,KETAPANG,Matan Hilir Utara,Sungai Putri,07-09-2026,12:53 WIB,NASA-SNPP,Medium,-1.5551,110.06988
Kalimantan Barat,KETAPANG,Matan Hilir Utara,Sungai Putri,07-09-2026,12:53 WIB,NASA-SNPP,Medium,-1.55445,110.07423
Kalimantan Barat,KETAPANG,Matan Hilir Utara,Sungai Putri,07-09-2026,12:53 WIB,NASA-SNPP,Medium,-1.5538,110.07858
Kalimantan Barat,KETAPANG,Matan Hilir Utara,Tanjung Baik Budi,07-09-2026,01:51 WIB,NASA-SNPP,Medium,-1.51408,110.14322
Kalimantan Barat,KETAPANG,Muara Pawan,Mayak,07-09-2026,12:53 WIB,NASA-SNPP,Medium,-1.74561,110.18034
Kalimantan Barat,KETAPANG,Muara Pawan,Mayak,07-09-2026,12:53 WIB,NASA-SNPP,Medium,-1.74494,110.18461
Kalimantan Barat,KETAPANG,Muara Pawan,Mayak,07-09-2026,12:53 WIB,NASA-SNPP,Medium,-1.74483,110.17863
Kalimantan Barat,KETAPANG,Muara Pawan,Mayak,07-09-2026,12:53 WIB,NASA-SNPP,Medium,-1.74428,110.18887
Kalimantan Barat,KETAPANG,Muara Pawan,Mayak,07-09-2026,12:53 WIB,NASA-SNPP,Medium,-1.74053,110.18399
Kalimantan Barat,KETAPANG,Muara Pawan,Mayak,07-09-2026,12:53 WIB,NASA-SNPP,Medium,-1.73986,110.18825
Kalimantan Barat,KETAPANG,Muara Pawan,Mayak,07-09-2026,12:53 WIB,NASA-SNPP,Medium,-1.73914,110.18656
Kalimantan Barat,KETAPANG,Muara Pawan,Tanjung Pura,07-09-2026,12:53 WIB,NASA-SNPP,Medium,-1.71079,110.20131
Kalimantan Barat,KETAPANG,Muara Pawan,Ulak Medang,07-09-2026,01:51 WIB,NASA-SNPP,Medium,-1.52487,110.27994
Kalimantan Barat,KETAPANG,Muara Pawan,Ulak Medang,07-09-2026,01:51 WIB,NASA-SNPP,Medium,-1.52429,110.27631
Kalimantan Barat,KETAPANG,Muara Pawan,Ulak Medang,07-09-2026,01:51 WIB,NASA-SNPP,Medium,-1.52372,110.27267
Kalimantan Barat,KETAPANG,Muara Pawan,Ulak Medang,07-09-2026,01:51 WIB,NASA-SNPP,Medium,-1.52301,110.27722
Kalimantan Barat,KETAPANG,Muara Pawan,Ulak Medang,07-09-2026,01:51 WIB,NASA-SNPP,Medium,-1.52246,110.27359
Kalimantan Barat,KETAPANG,Muara Pawan,Ulak Medang,07-09-2026,01:51 WIB,NASA-SNPP,Medium,-1.51933,110.28079
Kalimantan Barat,KETAPANG,Muara Pawan,Ulak Medang,07-09-2026,01:51 WIB,NASA-SNPP,Medium,-1.51876,110.27718
Kalimantan Barat,KETAPANG,Muara Pawan,Ulak Medang,07-09-2026,01:51 WIB,NASA-SNPP,Medium,-1.51818,110.27354
Kalimantan Barat,KETAPANG,Muara Pawan,Ulak Medang,07-09-2026,01:51 WIB,NASA-SNPP,Medium,-1.51801,110.28175
Kalimantan Barat,KETAPANG,Muara Pawan,Ulak Medang,07-09-2026,01:51 WIB,NASA-SNPP,Medium,-1.51761,110.26993
Kalimantan Barat,KETAPANG,Muara Pawan,Ulak Medang,07-09-2026,01:51 WIB,NASA-SNPP,Medium,-1.51747,110.27812
Kalimantan Barat,KETAPANG,Muara Pawan,Ulak Medang,07-09-2026,01:51 WIB,NASA-SNPP,Medium,-1.51693,110.27449
Kalimantan Barat,KETAPANG,Muara Pawan,Ulak Medang,07-09-2026,01:51 WIB,NASA-SNPP,Medium,-1.51437,110.28536
Kalimantan Barat,KETAPANG,Muara Pawan,Ulak Medang,07-09-2026,01:51 WIB,NASA-SNPP,Medium,-1.5138,110.28172
Kalimantan Barat,KETAPANG,Muara Pawan,Ulak Medang,07-09-2026,01:51 WIB,NASA-SNPP,Medium,-1.51323,110.27809
Kalimantan Barat,KETAPANG,Muara Pawan,Ulak Medang,07-09-2026,01:51 WIB,NASA-SNPP,Medium,-1.51265,110.27445
Kalimantan Barat,KETAPANG,Muara Pawan,Ulak Medang,07-09-2026,01:51 WIB,NASA-SNPP,Medium,-1.5077,110.27901
Kalimantan Barat,KETAPANG,Muara Pawan,Ulak Medang,07-09-2026,12:53 WIB,NASA-SNPP,Medium,-1.5178,110.26024
Kalimantan Barat,KETAPANG,Muara Pawan,Ulak Medang,07-09-2026,12:53 WIB,NASA-SNPP,Medium,-1.51779,110.26086
Kalimantan Barat,KETAPANG,Muara Pawan,Ulak Medang,07-09-2026,12:53 WIB,NASA-SNPP,Medium,-1.51718,110.26443
Kalimantan Barat,KETAPANG,Muara Pawan,Ulak Medang,07-09-2026,12:53 WIB,NASA-SNPP,Medium,-1.51714,110.26505
Kalimantan Barat,KETAPANG,Muara Pawan,Ulak Medang,07-09-2026,12:53 WIB,NASA-SNPP,Medium,-1.51593,110.2728
Kalimantan Barat,KETAPANG,Muara Pawan,Ulak Medang,07-09-2026,12:53 WIB,NASA-SNPP,Medium,-1.51583,110.2734
Kalimantan Barat,KETAPANG,Muara Pawan,Ulak Medang,07-09-2026,12:53 WIB,NASA-SNPP,Medium,-1.51473,110.25182
Kalimantan Barat,KETAPANG,Muara Pawan,Ulak Medang,07-09-2026,12:53 WIB,NASA-SNPP,Medium,-1.51407,110.25601
Kalimantan Barat,KETAPANG,Muara Pawan,Ulak Medang,07-09-2026,12:53 WIB,NASA-SNPP,Medium,-1.5128,110.26376
Kalimantan Barat,KETAPANG,Muara Pawan,Ulak Medang,07-09-2026,12:53 WIB,NASA-SNPP,Medium,-1.51277,110.26439
Kalimantan Barat,KETAPANG,Muara Pawan,Ulak Medang,07-09-2026,12:53 WIB,NASA-SNPP,Medium,-1.51218,110.26794
Kalimantan Barat,KETAPANG,Muara Pawan,Ulak Medang,07-09-2026,12:53 WIB,NASA-SNPP,Medium,-1.51212,110.26857
Kalimantan Barat,KETAPANG,Muara Pawan,Ulak Medang,07-09-2026,12:53 WIB,NASA-SNPP,Medium,-1.51156,110.27213
Kalimantan Barat,KETAPANG,Muara Pawan,Ulak Medang,07-09-2026,12:53 WIB,NASA-SNPP,Medium,-1.51147,110.27273
Kalimantan Barat,KETAPANG,Muara Pawan,Ulak Medang,07-09-2026,12:53 WIB,NASA-SNPP,Medium,-1.51095,110.2763
Kalimantan Barat,KETAPANG,Muara Pawan,Ulak Medang,07-09-2026,12:53 WIB,NASA-SNPP,Medium,-1.51082,110.27689
Kalimantan Barat,KETAPANG,Muara Pawan,Ulak Medang,07-09-2026,12:53 WIB,NASA-SNPP,Medium,-1.50906,110.25887
Kalimantan Barat,KETAPANG,Muara Pawan,Ulak Medang,07-09-2026,12:53 WIB,NASA-SNPP,Medium,-1.50905,110.25952
Kalimantan Barat,KETAPANG,Muara Pawan,Ulak Medang,07-09-2026,12:53 WIB,NASA-SNPP,Medium,-1.50844,110.26307
Kalimantan Barat,KETAPANG,Muara Pawan,Ulak Medang,07-09-2026,12:53 WIB,NASA-SNPP,Medium,-1.5084,110.26371
Kalimantan Barat,KETAPANG,Muara Pawan,Ulak Medang,07-09-2026,12:53 WIB,NASA-SNPP,Medium,-1.50782,110.26727
Kalimantan Barat,KETAPANG,Muara Pawan,Ulak Medang,07-09-2026,12:53 WIB,NASA-SNPP,Medium,-1.50775,110.26788
Kalimantan Barat,KETAPANG,Muara Pawan,Ulak Medang,07-09-2026,12:53 WIB,NASA-SNPP,Medium,-1.5072,110.27145
Kalimantan Barat,KETAPANG,Muara Pawan,Ulak Medang,07-09-2026,12:53 WIB,NASA-SNPP,Medium,-1.5071,110.27204
Kalimantan Barat,KETAPANG,Muara Pawan,Ulak Medang,07-09-2026,12:53 WIB,NASA-SNPP,Medium,-1.50663,110.24629
Kalimantan Barat,KETAPANG,Muara Pawan,Ulak Medang,07-09-2026,12:53 WIB,NASA-SNPP,Medium,-1.50658,110.27561
Kalimantan Barat,KETAPANG,Muara Pawan,Ulak Medang,07-09-2026,12:53 WIB,NASA-SNPP,Medium,-1.50654,110.24561
Kalimantan Barat,KETAPANG,Muara Pawan,Ulak Medang,07-09-2026,12:53 WIB,NASA-SNPP,Medium,-1.50646,110.27621
Kalimantan Barat,KETAPANG,Muara Pawan,Ulak Medang,07-09-2026,12:53 WIB,NASA-SNPP,Medium,-1.5053,110.25399
Kalimantan Barat,KETAPANG,Muara Pawan,Ulak Medang,07-09-2026,12:53 WIB,NASA-SNPP,Medium,-1.50339,110.26721
Kalimantan Barat,KETAPANG,Nanga Tayap,Mensubang,07-09-2026,12:53 WIB,NASA-SNPP,Medium,-1.34621,110.41322
Kalimantan Barat,KETAPANG,Nanga Tayap,Mensubang,07-09-2026,12:53 WIB,NASA-SNPP,Medium,-1.34558,110.41728
Kalimantan Barat,KETAPANG,Nanga Tayap,Mensubang,07-09-2026,12:53 WIB,NASA-SNPP,Medium,-1.34248,110.40876
Kalimantan Barat,KETAPANG,Nanga Tayap,Mensubang,07-09-2026,12:53 WIB,NASA-SNPP,Medium,-1.34188,110.41263
Kalimantan Barat,KETAPANG,Nanga Tayap,Pangkalan Teluk,07-09-2026,12:53 WIB,NASA-SNPP,Medium,-1.37107,110.36671
Kalimantan Barat,KETAPANG,Nanga Tayap,Pangkalan Teluk,07-09-2026,12:53 WIB,NASA-SNPP,Medium,-1.36674,110.36611
Kalimantan Barat,KETAPANG,Nanga Tayap,Sepakat Jaya,07-09-2026,12:53 WIB,NASA-SNPP,Medium,-1.47221,110.43958
Kalimantan Barat,KETAPANG,Nanga Tayap,Simpang Tiga Sembelangaan,07-09-2026,12:53 WIB,NASA-SNPP,Medium,-1.47095,110.36169
Kalimantan Barat,KETAPANG,Nanga Tayap,Simpang Tiga Sembelangaan,07-09-2026,12:53 WIB,NASA-SNPP,Medium,-1.39317,110.37767
Kalimantan Barat,KETAPANG,Nanga Tayap,Sungai Kelik,07-09-2026,01:51 WIB,NASA-SNPP,Medium,-1.60472,110.32825
Kalimantan Barat,KETAPANG,Nanga Tayap,Sungai Kelik,07-09-2026,12:53 WIB,NASA-SNPP,Medium,-1.57268,110.311
Kalimantan Barat,KETAPANG,Nanga Tayap,Sungai Kelik,07-09-2026,12:53 WIB,NASA-SNPP,Medium,-1.56832,110.31037
Kalimantan Barat,KETAPANG,Nanga Tayap,Tanjung Medan,07-09-2026,12:53 WIB,NASA-SNPP,Medium,-1.39756,110.40759
Kalimantan Barat,KETAPANG,Simpang Dua,Kampar Sebomban,07-09-2026,01:51 WIB,NASA-SNPP,Medium,-0.90206,110.1849
Kalimantan Barat,KETAPANG,Simpang Dua,Kampar Sebomban,07-09-2026,01:51 WIB,NASA-SNPP,Medium,-0.83858,110.13909
Kalimantan Barat,KETAPANG,Simpang Dua,Kampar Sebomban,07-09-2026,01:51 WIB,NASA-SNPP,Medium,-0.83803,110.13564
Kalimantan Barat,KETAPANG,Simpang Dua,Kampar Sebomban,07-09-2026,01:51 WIB,NASA-SNPP,Medium,-0.8267,110.20517
Kalimantan Barat,KETAPANG,Simpang Dua,Kampar Sebomban,07-09-2026,01:51 WIB,NASA-SNPP,Medium,-0.82615,110.20165
Kalimantan Barat,KETAPANG,Simpang Dua,Kampar Sebomban,07-09-2026,01:51 WIB,NASA-SNPP,Medium,-0.82124,110.20601
Kalimantan Barat,KETAPANG,Simpang Dua,Kampar Sebomban,07-09-2026,01:51 WIB,NASA-SNPP,Medium,-0.82069,110.20248
Kalimantan Barat,KETAPANG,Simpang Dua,Kampar Sebomban,07-09-2026,01:51 WIB,NASA-SNPP,Medium,-0.68374,110.22697
Kalimantan Barat,KETAPANG,Simpang Dua,Kampar Sebomban,07-09-2026,12:53 WIB,NASA-SNPP,Medium,-0.90157,110.18597
Kalimantan Barat,KETAPANG,Simpang Dua,Kampar Sebomban,07-09-2026,12:53 WIB,NASA-SNPP,Medium,-0.89285,110.21432
Kalimantan Barat,KETAPANG,Simpang Dua,Semandang Kanan,07-09-2026,01:51 WIB,NASA-SNPP,Medium,-0.82395,110.36763
Kalimantan Barat,KETAPANG,Simpang Hulu,Balai Pinang,07-09-2026,12:53 WIB,NASA-SNPP,Medium,-0.53635,110.41112
Kalimantan Barat,KETAPANG,Simpang Hulu,Botuh Bosi,07-09-2026,12:53 WIB,NASA-SNPP,Medium,-0.51504,110.33089
Kalimantan Barat,KETAPANG,Singkup,Sukaraja,07-09-2026,01:51 WIB,NASA-SNPP,Medium,-2.35907,110.56442
Kalimantan Barat,KETAPANG,Singkup,Sukaraja,07-09-2026,01:51 WIB,NASA-SNPP,Medium,-2.34208,110.60732
Kalimantan Barat,KETAPANG,Singkup,Sukaraja,07-09-2026,01:51 WIB,NASA-SNPP,Medium,-2.34111,110.61004
Kalimantan Barat,KETAPANG,Sungai Laur,Harapan Baru,07-09-2026,01:51 WIB,NASA-SNPP,Medium,-0.7217,110.54648
Kalimantan Barat,KETAPANG,Sungai Laur,Harapan Baru,07-09-2026,01:51 WIB,NASA-SNPP,Medium,-0.72113,110.54277
Kalimantan Barat,KETAPANG,Sungai Laur,Harapan Baru,07-09-2026,01:51 WIB,NASA-SNPP,Medium,-0.71787,110.54563
Kalimantan Barat,KETAPANG,Sungai Melayu Rayak,Makmur Abadi,07-09-2026,01:51 WIB,NASA-SNPP,Medium,-1.68059,110.34781
Kalimantan Barat,KETAPANG,Sungai Melayu Rayak,Makmur Abadi,07-09-2026,01:51 WIB,NASA-SNPP,Medium,-1.67501,110.34868
Kalimantan Barat,KETAPANG,Sungai Melayu Rayak,Makmur Abadi,07-09-2026,12:53 WIB,NASA-SNPP,Medium,-1.77054,110.24774
Kalimantan Barat,KETAPANG,Sungai Melayu Rayak,Sungai Melayu,07-09-2026,12:53 WIB,NASA-SNPP,Medium,-1.87343,110.36958
Kalimantan Barat,KETAPANG,Sungai Melayu Rayak,Sungai Melayu,07-09-2026,12:53 WIB,NASA-SNPP,Medium,-1.86969,110.36477
Kalimantan Barat,KETAPANG,Tumbang Titi,Segar Wangi,07-09-2026,12:53 WIB,NASA-SNPP,Medium,-1.87812,110.54259
Kalimantan Barat,KUBU RAYA,Sungai Ambawang,Pasak Piang,07-09-2026,00:32 WIB,NASA-NOAA20,High,-0.14143,109.62087
Kalimantan Barat,KUBU RAYA,Sungai Ambawang,Pasak Piang,07-09-2026,00:32 WIB,NASA-NOAA20,High,-0.14078,109.61684
Kalimantan Barat,KUBU RAYA,Batu Ampar,Nipah Panjang,07-09-2026,00:32 WIB,NASA-NOAA20,Medium,-0.75097,109.41451
Kalimantan Barat,KUBU RAYA,Sungai Ambawang,Bengkarek,07-09-2026,00:32 WIB,NASA-NOAA20,Medium,-0.17033,109.50415
Kalimantan Barat,KUBU RAYA,Sungai Ambawang,Pasak Piang,07-09-2026,00:32 WIB,NASA-NOAA20,Medium,-0.16316,109.60906
Kalimantan Barat,KUBU RAYA,Sungai Ambawang,Pasak Piang,07-09-2026,00:32 WIB,NASA-NOAA20,Medium,-0.15868,109.61806
Kalimantan Barat,KUBU RAYA,Sungai Ambawang,Pasak Piang,07-09-2026,00:32 WIB,NASA-NOAA20,Medium,-0.1555,109.63512
Kalimantan Barat,KUBU RAYA,Sungai Ambawang,Pasak Piang,07-09-2026,00:32 WIB,NASA-NOAA20,Medium,-0.15422,109.62706
Kalimantan Barat,KUBU RAYA,Sungai Ambawang,Pasak Piang,07-09-2026,00:32 WIB,NASA-NOAA20,Medium,-0.15357,109.62302
Kalimantan Barat,KUBU RAYA,Sungai Ambawang,Pasak Piang,07-09-2026,00:32 WIB,NASA-NOAA20,Medium,-0.15293,109.619
Kalimantan Barat,KUBU RAYA,Sungai Ambawang,Pasak Piang,07-09-2026,00:32 WIB,NASA-NOAA20,Medium,-0.15165,109.61092
Kalimantan Barat,KUBU RAYA,Sungai Ambawang,Pasak Piang,07-09-2026,00:32 WIB,NASA-NOAA20,Medium,-0.15039,109.64005
Kalimantan Barat,KUBU RAYA,Sungai Ambawang,Pasak Piang,07-09-2026,00:32 WIB,NASA-NOAA20,Medium,-0.14975,109.63605
Kalimantan Barat,KUBU RAYA,Sungai Ambawang,Pasak Piang,07-09-2026,00:32 WIB,NASA-NOAA20,Medium,-0.14846,109.62798
Kalimantan Barat,KUBU RAYA,Sungai Ambawang,Pasak Piang,07-09-2026,00:32 WIB,NASA-NOAA20,Medium,-0.14782,109.62395
Kalimantan Barat,KUBU RAYA,Sungai Ambawang,Pasak Piang,07-09-2026,00:32 WIB,NASA-NOAA20,Medium,-0.14718,109.61993
Kalimantan Barat,KUBU RAYA,Sungai Ambawang,Pasak Piang,07-09-2026,00:32 WIB,NASA-NOAA20,Medium,-0.14654,109.61591
Kalimantan Barat,KUBU RAYA,Sungai Ambawang,Pasak Piang,07-09-2026,00:32 WIB,NASA-NOAA20,Medium,-0.1459,109.61188
Kalimantan Barat,KUBU RAYA,Sungai Ambawang,Pasak Piang,07-09-2026,00:32 WIB,NASA-NOAA20,Medium,-0.14464,109.64096
Kalimantan Barat,KUBU RAYA,Sungai Ambawang,Pasak Piang,07-09-2026,00:32 WIB,NASA-NOAA20,Medium,-0.144,109.63695
Kalimantan Barat,KUBU RAYA,Sungai Ambawang,Pasak Piang,07-09-2026,00:32 WIB,NASA-NOAA20,Medium,-0.14271,109.6289
Kalimantan Barat,KUBU RAYA,Sungai Ambawang,Pasak Piang,07-09-2026,00:32 WIB,NASA-NOAA20,Medium,-0.14207,109.62489
Kalimantan Barat,KUBU RAYA,Sungai Ambawang,Pasak Piang,07-09-2026,00:32 WIB,NASA-NOAA20,Medium,-0.14014,109.61279
Kalimantan Barat,KUBU RAYA,Sungai Ambawang,Pasak Piang,07-09-2026,00:32 WIB,NASA-NOAA20,Medium,-0.13696,109.62983
Kalimantan Barat,KUBU RAYA,Sungai Ambawang,Pasak Piang,07-09-2026,00:32 WIB,NASA-NOAA20,Medium,-0.13568,109.62181
Kalimantan Barat,KUBU RAYA,Sungai Raya,Sungaiambangah,07-09-2026,00:32 WIB,NASA-NOAA20,Medium,-0.17027,109.50246
Kalimantan Barat,KUBU RAYA,Batu Ampar,Batu Ampar,07-09-2026,12:53 WIB,NASA-SNPP,Medium,-0.78093,109.53028
Kalimantan Barat,LANDAK,Banyuke Hulu,Ringo Lojok,07-09-2026,12:53 WIB,NASA-SNPP,Medium,0.57424,109.55368
Kalimantan Barat,MELAWI,Ella Hilir,Nanga Nyuruh,07-09-2026,03:29 WIB,NASA-MODIS,High,-0.52122,112.12206
Kalimantan Barat,MELAWI,Ella Hilir,Nanga Nyuruh,07-09-2026,03:29 WIB,NASA-MODIS,High,-0.51914,112.10825
Kalimantan Barat,MELAWI,Ella Hilir,Nanga Nyuruh,07-09-2026,03:29 WIB,NASA-MODIS,High,-0.50835,112.11052
Kalimantan Barat,MELAWI,Ella Hilir,Nanga Nyuruh,07-09-2026,03:29 WIB,NASA-MODIS,High,-0.50627,112.09666
Kalimantan Barat,MELAWI,Ella Hilir,Nanga Nyuruh,07-09-2026,03:29 WIB,NASA-MODIS,Low,-0.49741,112.11174
Kalimantan Barat,MELAWI,Ella Hilir,Nanga Nyuruh,07-09-2026,03:29 WIB,NASA-MODIS,Medium,-0.5042,112.08286
Kalimantan Barat,MELAWI,Ella Hilir,Nanga Nyuruh,07-09-2026,03:29 WIB,NASA-MODIS,Medium,-0.49957,112.12618
Kalimantan Barat,MELAWI,Ella Hilir,Nanga Nyuruh,07-09-2026,00:32 WIB,NASA-NOAA20,Medium,-0.51984,112.11069
Kalimantan Barat,MELAWI,Ella Hilir,Nanga Nyuruh,07-09-2026,00:32 WIB,NASA-NOAA20,Medium,-0.51896,112.10519
Kalimantan Barat,MELAWI,Ella Hilir,Nanga Nyuruh,07-09-2026,00:32 WIB,NASA-NOAA20,Medium,-0.5149,112.11076
Kalimantan Barat,MELAWI,Ella Hilir,Nanga Nyuruh,07-09-2026,00:32 WIB,NASA-NOAA20,Medium,-0.51441,112.077
Kalimantan Barat,MELAWI,Ella Hilir,Nanga Nyuruh,07-09-2026,00:32 WIB,NASA-NOAA20,Medium,-0.51403,112.10541
Kalimantan Barat,MELAWI,Ella Hilir,Nanga Nyuruh,07-09-2026,00:32 WIB,NASA-NOAA20,Medium,-0.51321,112.10032
Kalimantan Barat,MELAWI,Ella Hilir,Nanga Nyuruh,07-09-2026,00:32 WIB,NASA-NOAA20,Medium,-0.51143,112.08936
Kalimantan Barat,MELAWI,Ella Hilir,Nanga Nyuruh,07-09-2026,00:32 WIB,NASA-NOAA20,Medium,-0.51048,112.08347
Kalimantan Barat,MELAWI,Ella Hilir,Nanga Nyuruh,07-09-2026,00:32 WIB,NASA-NOAA20,Medium,-0.50957,112.07785
Kalimantan Barat,MELAWI,Ella Hilir,Nanga Nyuruh,07-09-2026,00:32 WIB,NASA-NOAA20,Medium,-0.50914,112.10583
Kalimantan Barat,MELAWI,Ella Hilir,Nanga Nyuruh,07-09-2026,00:32 WIB,NASA-NOAA20,Medium,-0.50829,112.10059
Kalimantan Barat,MELAWI,Ella Hilir,Nanga Nyuruh,07-09-2026,00:32 WIB,NASA-NOAA20,Medium,-0.50658,112.09004
Kalimantan Barat,MELAWI,Ella Hilir,Nanga Nyuruh,07-09-2026,00:32 WIB,NASA-NOAA20,Medium,-0.50569,112.08457
Kalimantan Barat,MELAWI,Ella Hilir,Nanga Nyuruh,07-09-2026,00:32 WIB,NASA-NOAA20,Medium,-0.50504,112.10222
Kalimantan Barat,MELAWI,Ella Hilir,Nanga Nyuruh,07-09-2026,00:32 WIB,NASA-NOAA20,Medium,-0.50478,112.07894
Kalimantan Barat,MELAWI,Ella Hilir,Nanga Nyuruh,07-09-2026,00:32 WIB,NASA-NOAA20,Medium,-0.50392,112.07366
Kalimantan Barat,MELAWI,Ella Hilir,Nanga Nyuruh,07-09-2026,00:32 WIB,NASA-NOAA20,Medium,-0.50339,112.10098
Kalimantan Barat,MELAWI,Ella Hilir,Nanga Nyuruh,07-09-2026,00:32 WIB,NASA-NOAA20,Medium,-0.50263,112.08659
Kalimantan Barat,MELAWI,Ella Hilir,Nanga Nyuruh,07-09-2026,00:32 WIB,NASA-NOAA20,Medium,-0.50252,112.09565
Kalimantan Barat,MELAWI,Ella Hilir,Nanga Nyuruh,07-09-2026,00:32 WIB,NASA-NOAA20,Medium,-0.50176,112.08096
Kalimantan Barat,MELAWI,Ella Hilir,Nanga Nyuruh,07-09-2026,00:32 WIB,NASA-NOAA20,Medium,-0.50091,112.07547
Kalimantan Barat,MELAWI,Ella Hilir,Nanga Nyuruh,07-09-2026,00:32 WIB,NASA-NOAA20,Medium,-0.50084,112.08528
Kalimantan Barat,MELAWI,Ella Hilir,Nanga Nyuruh,07-09-2026,00:32 WIB,NASA-NOAA20,Medium,-0.50022,112.10314
Kalimantan Barat,MELAWI,Ella Hilir,Nanga Nyuruh,07-09-2026,00:32 WIB,NASA-NOAA20,Medium,-0.49994,112.07973
Kalimantan Barat,MELAWI,Ella Hilir,Nanga Nyuruh,07-09-2026,00:32 WIB,NASA-NOAA20,Medium,-0.49937,112.09762
Kalimantan Barat,MELAWI,Ella Hilir,Nanga Nyuruh,07-09-2026,00:32 WIB,NASA-NOAA20,Medium,-0.49858,112.10196
Kalimantan Barat,MELAWI,Ella Hilir,Nanga Nyuruh,07-09-2026,00:32 WIB,NASA-NOAA20,Medium,-0.49855,112.09231
Kalimantan Barat,MELAWI,Ella Hilir,Nanga Nyuruh,07-09-2026,00:32 WIB,NASA-NOAA20,Medium,-0.49774,112.08706
Kalimantan Barat,MELAWI,Ella Hilir,Nanga Nyuruh,07-09-2026,00:32 WIB,NASA-NOAA20,Medium,-0.49768,112.09638
Kalimantan Barat,MELAWI,Ella Hilir,Nanga Nyuruh,07-09-2026,00:32 WIB,NASA-NOAA20,Medium,-0.4969,112.08165
Kalimantan Barat,MELAWI,Ella Hilir,Nanga Nyuruh,07-09-2026,00:32 WIB,NASA-NOAA20,Medium,-0.49681,112.09108
Kalimantan Barat,MELAWI,Ella Hilir,Nanga Nyuruh,07-09-2026,00:32 WIB,NASA-NOAA20,Medium,-0.49605,112.07613
Kalimantan Barat,MELAWI,Ella Hilir,Nanga Nyuruh,07-09-2026,00:32 WIB,NASA-NOAA20,Medium,-0.49595,112.08578
Kalimantan Barat,MELAWI,Ella Hilir,Nanga Nyuruh,07-09-2026,00:32 WIB,NASA-NOAA20,Medium,-0.49508,112.08044
Kalimantan Barat,MELAWI,Ella Hilir,Nanga Nyuruh,07-09-2026,00:32 WIB,NASA-NOAA20,Medium,-0.49455,112.09855
Kalimantan Barat,MELAWI,Ella Hilir,Nanga Nyuruh,07-09-2026,00:32 WIB,NASA-NOAA20,Medium,-0.49369,112.09298
Kalimantan Barat,MELAWI,Ella Hilir,Nanga Nyuruh,07-09-2026,00:32 WIB,NASA-NOAA20,Medium,-0.49286,112.08765
Kalimantan Barat,MELAWI,Ella Hilir,Nanga Nyuruh,07-09-2026,00:32 WIB,NASA-NOAA20,Medium,-0.49203,112.0823
Kalimantan Barat,MELAWI,Ella Hilir,Nanga Nyuruh,07-09-2026,00:32 WIB,NASA-NOAA20,Medium,-0.49118,112.0768
Kalimantan Barat,MELAWI,Sayan,Landau Sandak,07-09-2026,13:12 WIB,NASA-NOAA20,Medium,-0.83095,111.6531
Kalimantan Barat,MELAWI,Tanah Pinoh Barat,Ganjang,07-09-2026,13:12 WIB,NASA-NOAA20,Medium,-0.83885,111.35228
Kalimantan Barat,MELAWI,Ella Hilir,Nanga Nyuruh,07-09-2026,01:51 WIB,NASA-SNPP,High,-0.50444,112.09987
Kalimantan Barat,MELAWI,Belimbing Hulu,Nanga Tikan,07-09-2026,01:51 WIB,NASA-SNPP,Medium,-0.46082,111.59807
Kalimantan Barat,MELAWI,Belimbing Hulu,Nanga Tikan,07-09-2026,01:51 WIB,NASA-SNPP,Medium,-0.46009,111.59357
Kalimantan Barat,MELAWI,Belimbing Hulu,Nanga Tikan,07-09-2026,01:51 WIB,NASA-SNPP,Medium,-0.4579,111.60181
Kalimantan Barat,MELAWI,Belimbing Hulu,Nanga Tikan,07-09-2026,01:51 WIB,NASA-SNPP,Medium,-0.45718,111.59716
Kalimantan Barat,MELAWI,Belimbing Hulu,Nanga Tikan,07-09-2026,01:51 WIB,NASA-SNPP,Medium,-0.45655,111.5931
Kalimantan Barat,MELAWI,Belimbing Hulu,Nanga Tikan,07-09-2026,01:51 WIB,NASA-SNPP,Medium,-0.45491,111.5992
Kalimantan Barat,MELAWI,Belimbing Hulu,Nanga Tikan,07-09-2026,01:51 WIB,NASA-SNPP,Medium,-0.45425,111.59513
Kalimantan Barat,MELAWI,Ella Hilir,Nanga Nyuruh,07-09-2026,01:51 WIB,NASA-SNPP,Medium,-0.53317,112.12187
Kalimantan Barat,MELAWI,Ella Hilir,Nanga Nyuruh,07-09-2026,01:51 WIB,NASA-SNPP,Medium,-0.53242,112.1172
Kalimantan Barat,MELAWI,Ella Hilir,Nanga Nyuruh,07-09-2026,01:51 WIB,NASA-SNPP,Medium,-0.5318,112.12106
Kalimantan Barat,MELAWI,Ella Hilir,Nanga Nyuruh,07-09-2026,01:51 WIB,NASA-SNPP,Medium,-0.53106,112.11624
Kalimantan Barat,MELAWI,Ella Hilir,Nanga Nyuruh,07-09-2026,01:51 WIB,NASA-SNPP,Medium,-0.52704,112.12295
Kalimantan Barat,MELAWI,Ella Hilir,Nanga Nyuruh,07-09-2026,01:51 WIB,NASA-SNPP,Medium,-0.52624,112.118
Kalimantan Barat,MELAWI,Ella Hilir,Nanga Nyuruh,07-09-2026,01:51 WIB,NASA-SNPP,Medium,-0.52564,112.12193
Kalimantan Barat,MELAWI,Ella Hilir,Nanga Nyuruh,07-09-2026,01:51 WIB,NASA-SNPP,Medium,-0.52546,112.11313
Kalimantan Barat,MELAWI,Ella Hilir,Nanga Nyuruh,07-09-2026,01:51 WIB,NASA-SNPP,Medium,-0.52488,112.11698
Kalimantan Barat,MELAWI,Ella Hilir,Nanga Nyuruh,07-09-2026,01:51 WIB,NASA-SNPP,Medium,-0.52477,112.10884
Kalimantan Barat,MELAWI,Ella Hilir,Nanga Nyuruh,07-09-2026,01:51 WIB,NASA-SNPP,Medium,-0.52415,112.11225
Kalimantan Barat,MELAWI,Ella Hilir,Nanga Nyuruh,07-09-2026,01:51 WIB,NASA-SNPP,Medium,-0.52348,112.1079
Kalimantan Barat,MELAWI,Ella Hilir,Nanga Nyuruh,07-09-2026,01:51 WIB,NASA-SNPP,Medium,-0.52282,112.10358
Kalimantan Barat,MELAWI,Ella Hilir,Nanga Nyuruh,07-09-2026,01:51 WIB,NASA-SNPP,Medium,-0.52153,112.09524
Kalimantan Barat,MELAWI,Ella Hilir,Nanga Nyuruh,07-09-2026,01:51 WIB,NASA-SNPP,Medium,-0.51949,112.12291
Kalimantan Barat,MELAWI,Ella Hilir,Nanga Nyuruh,07-09-2026,01:51 WIB,NASA-SNPP,Medium,-0.51935,112.11433
Kalimantan Barat,MELAWI,Ella Hilir,Nanga Nyuruh,07-09-2026,01:51 WIB,NASA-SNPP,Medium,-0.51876,112.11813
Kalimantan Barat,MELAWI,Ella Hilir,Nanga Nyuruh,07-09-2026,01:51 WIB,NASA-SNPP,Medium,-0.51865,112.10994
Kalimantan Barat,MELAWI,Ella Hilir,Nanga Nyuruh,07-09-2026,01:51 WIB,NASA-SNPP,Medium,-0.51809,112.11376
Kalimantan Barat,MELAWI,Ella Hilir,Nanga Nyuruh,07-09-2026,01:51 WIB,NASA-SNPP,Medium,-0.51793,112.10549
Kalimantan Barat,MELAWI,Ella Hilir,Nanga Nyuruh,07-09-2026,01:51 WIB,NASA-SNPP,Medium,-0.51741,112.10934
Kalimantan Barat,MELAWI,Ella Hilir,Nanga Nyuruh,07-09-2026,01:51 WIB,NASA-SNPP,Medium,-0.51721,112.10101
Kalimantan Barat,MELAWI,Ella Hilir,Nanga Nyuruh,07-09-2026,01:51 WIB,NASA-SNPP,Medium,-0.51672,112.10482
Kalimantan Barat,MELAWI,Ella Hilir,Nanga Nyuruh,07-09-2026,01:51 WIB,NASA-SNPP,Medium,-0.51648,112.09643
Kalimantan Barat,MELAWI,Ella Hilir,Nanga Nyuruh,07-09-2026,01:51 WIB,NASA-SNPP,Medium,-0.516,112.10015
Kalimantan Barat,MELAWI,Ella Hilir,Nanga Nyuruh,07-09-2026,01:51 WIB,NASA-SNPP,Medium,-0.51582,112.09231
Kalimantan Barat,MELAWI,Ella Hilir,Nanga Nyuruh,07-09-2026,01:51 WIB,NASA-SNPP,Medium,-0.51529,112.0955
Kalimantan Barat,MELAWI,Ella Hilir,Nanga Nyuruh,07-09-2026,01:51 WIB,NASA-SNPP,Medium,-0.51466,112.0914
Kalimantan Barat,MELAWI,Ella Hilir,Nanga Nyuruh,07-09-2026,01:51 WIB,NASA-SNPP,Medium,-0.5134,112.11651
Kalimantan Barat,MELAWI,Ella Hilir,Nanga Nyuruh,07-09-2026,01:51 WIB,NASA-SNPP,Medium,-0.51271,112.11221
Kalimantan Barat,MELAWI,Ella Hilir,Nanga Nyuruh,07-09-2026,01:51 WIB,NASA-SNPP,Medium,-0.51197,112.10757
Kalimantan Barat,MELAWI,Ella Hilir,Nanga Nyuruh,07-09-2026,01:51 WIB,NASA-SNPP,Medium,-0.51119,112.10271
Kalimantan Barat,MELAWI,Ella Hilir,Nanga Nyuruh,07-09-2026,01:51 WIB,NASA-SNPP,Medium,-0.51038,112.09763
Kalimantan Barat,MELAWI,Ella Hilir,Nanga Nyuruh,07-09-2026,01:51 WIB,NASA-SNPP,Medium,-0.50966,112.09315
Kalimantan Barat,MELAWI,Ella Hilir,Nanga Nyuruh,07-09-2026,01:51 WIB,NASA-SNPP,Medium,-0.50897,112.08886
Kalimantan Barat,MELAWI,Ella Hilir,Nanga Nyuruh,07-09-2026,01:51 WIB,NASA-SNPP,Medium,-0.50657,112.11319
Kalimantan Barat,MELAWI,Ella Hilir,Nanga Nyuruh,07-09-2026,01:51 WIB,NASA-SNPP,Medium,-0.50586,112.10878
Kalimantan Barat,MELAWI,Ella Hilir,Nanga Nyuruh,07-09-2026,01:51 WIB,NASA-SNPP,Medium,-0.50517,112.10445
Kalimantan Barat,MELAWI,Ella Hilir,Nanga Nyuruh,07-09-2026,01:51 WIB,NASA-SNPP,Medium,-0.50369,112.09518
Kalimantan Barat,MELAWI,Ella Hilir,Nanga Nyuruh,07-09-2026,01:51 WIB,NASA-SNPP,Medium,-0.50288,112.09013
Kalimantan Barat,MELAWI,Ella Hilir,Nanga Nyuruh,07-09-2026,01:51 WIB,NASA-SNPP,Medium,-0.50199,112.12398
Kalimantan Barat,MELAWI,Ella Hilir,Nanga Nyuruh,07-09-2026,01:51 WIB,NASA-SNPP,Medium,-0.50116,112.1188
Kalimantan Barat,MELAWI,Ella Hilir,Nanga Nyuruh,07-09-2026,01:51 WIB,NASA-SNPP,Medium,-0.49758,112.09635
Kalimantan Barat,MELAWI,Ella Hilir,Nanga Nyuruh,07-09-2026,01:51 WIB,NASA-SNPP,Medium,-0.49416,112.1144
Kalimantan Barat,MELAWI,Ella Hilir,Nyanggau,07-09-2026,01:51 WIB,NASA-SNPP,Medium,-0.53254,112.12581
Kalimantan Barat,MELAWI,Menukung,Belaban Ella,07-09-2026,01:51 WIB,NASA-SNPP,Medium,-0.53887,112.20814
Kalimantan Barat,MELAWI,Menukung,Belaban Ella,07-09-2026,01:51 WIB,NASA-SNPP,Medium,-0.53478,112.21046
Kalimantan Barat,MELAWI,Menukung,Belaban Ella,07-09-2026,01:51 WIB,NASA-SNPP,Medium,-0.53406,112.20596
Kalimantan Barat,MELAWI,Menukung,Belaban Ella,07-09-2026,01:51 WIB,NASA-SNPP,Medium,-0.53352,112.21458
Kalimantan Barat,MELAWI,Menukung,Belaban Ella,07-09-2026,01:51 WIB,NASA-SNPP,Medium,-0.53283,112.21005
Kalimantan Barat,MELAWI,Menukung,Belaban Ella,07-09-2026,01:51 WIB,NASA-SNPP,Medium,-0.53214,112.20557
Kalimantan Barat,MELAWI,Menukung,Belaban Ella,07-09-2026,01:51 WIB,NASA-SNPP,Medium,-0.52868,112.21198
Kalimantan Barat,MEMPAWAH,Mempawah Hilir,Malikian,07-09-2026,12:53 WIB,NASA-SNPP,Medium,0.45337,109.02446
Kalimantan Barat,MEMPAWAH,Mempawah Hilir,Malikian,07-09-2026,12:53 WIB,NASA-SNPP,Medium,0.46722,109.02235
Kalimantan Barat,MEMPAWAH,Mempawah Hilir,Sengkubang,07-09-2026,12:53 WIB,NASA-SNPP,Medium,0.44992,109.02335
Kalimantan Barat,MEMPAWAH,Sungai Kunyit,Bukit Batu,07-09-2026,12:53 WIB,NASA-SNPP,Medium,0.53258,109.01731
Kalimantan Barat,SAMBAS,Teluk Keramat,Tri Mandayan,07-09-2026,03:27 WIB,NASA-MODIS,High,1.47336,109.15373
Kalimantan Barat,SAMBAS,Teluk Keramat,Tri Mandayan,07-09-2026,03:27 WIB,NASA-MODIS,High,1.48223,109.15504
Kalimantan Barat,SAMBAS,Galing,Tempapan Hulu,07-09-2026,03:27 WIB,NASA-MODIS,Medium,1.67223,109.36146
Kalimantan Barat,SAMBAS,Galing,Tempapan Hulu,07-09-2026,03:27 WIB,NASA-MODIS,Medium,1.67361,109.35239
Kalimantan Barat,SAMBAS,Teluk Keramat,Tri Mandayan,07-09-2026,03:27 WIB,NASA-MODIS,Medium,1.48086,109.16402
Kalimantan Barat,SAMBAS,Galing,Tempapan Hulu,07-09-2026,00:30 WIB,NASA-NOAA20,Medium,1.66721,109.35252
Kalimantan Barat,SAMBAS,Galing,Tempapan Hulu,07-09-2026,00:30 WIB,NASA-NOAA20,Medium,1.66879,109.35487
Kalimantan Barat,SAMBAS,Galing,Tempapan Hulu,07-09-2026,00:30 WIB,NASA-NOAA20,Medium,1.66947,109.3504
Kalimantan Barat,SAMBAS,Teluk Keramat,Sungai Kumpai,07-09-2026,00:30 WIB,NASA-NOAA20,Medium,1.44391,109.13802
Kalimantan Barat,SAMBAS,Teluk Keramat,Tri Mandayan,07-09-2026,00:30 WIB,NASA-NOAA20,Medium,1.46833,109.14606
Kalimantan Barat,SAMBAS,Teluk Keramat,Tri Mandayan,07-09-2026,00:30 WIB,NASA-NOAA20,Medium,1.46902,109.14148
Kalimantan Barat,SAMBAS,Teluk Keramat,Tri Mandayan,07-09-2026,00:30 WIB,NASA-NOAA20,Medium,1.47213,109.15646
Kalimantan Barat,SAMBAS,Teluk Keramat,Tri Mandayan,07-09-2026,00:30 WIB,NASA-NOAA20,Medium,1.47285,109.15191
Kalimantan Barat,SAMBAS,Teluk Keramat,Tri Mandayan,07-09-2026,00:30 WIB,NASA-NOAA20,Medium,1.47303,109.15618
Kalimantan Barat,SAMBAS,Teluk Keramat,Tri Mandayan,07-09-2026,00:30 WIB,NASA-NOAA20,Medium,1.47357,109.14732
Kalimantan Barat,SAMBAS,Teluk Keramat,Tri Mandayan,07-09-2026,00:30 WIB,NASA-NOAA20,Medium,1.47372,109.15162
Kalimantan Barat,SAMBAS,Teluk Keramat,Tri Mandayan,07-09-2026,00:30 WIB,NASA-NOAA20,Medium,1.47429,109.14274
Kalimantan Barat,SAMBAS,Teluk Keramat,Tri Mandayan,07-09-2026,00:30 WIB,NASA-NOAA20,Medium,1.47441,109.14702
Kalimantan Barat,SAMBAS,Teluk Keramat,Tri Mandayan,07-09-2026,00:30 WIB,NASA-NOAA20,Medium,1.4751,109.14243
Kalimantan Barat,SAMBAS,Teluk Keramat,Tri Mandayan,07-09-2026,00:30 WIB,NASA-NOAA20,Medium,1.4782,109.15739
Kalimantan Barat,SAMBAS,Teluk Keramat,Tri Mandayan,07-09-2026,00:30 WIB,NASA-NOAA20,Medium,1.47893,109.15283
Kalimantan Barat,SAMBAS,Teluk Keramat,Tri Mandayan,07-09-2026,00:30 WIB,NASA-NOAA20,Medium,1.47911,109.15714
Kalimantan Barat,SAMBAS,Teluk Keramat,Tri Mandayan,07-09-2026,00:30 WIB,NASA-NOAA20,Medium,1.47965,109.14825
Kalimantan Barat,SAMBAS,Teluk Keramat,Tri Mandayan,07-09-2026,00:30 WIB,NASA-NOAA20,Medium,1.4798,109.15257
Kalimantan Barat,SAMBAS,Teluk Keramat,Tri Mandayan,07-09-2026,00:30 WIB,NASA-NOAA20,Medium,1.48037,109.14367
Kalimantan Barat,SAMBAS,Teluk Keramat,Tri Mandayan,07-09-2026,00:30 WIB,NASA-NOAA20,Medium,1.48049,109.14797
Kalimantan Barat,SAMBAS,Teluk Keramat,Tri Mandayan,07-09-2026,00:30 WIB,NASA-NOAA20,Medium,1.48118,109.14339
Kalimantan Barat,SAMBAS,Teluk Keramat,Tri Mandayan,07-09-2026,00:30 WIB,NASA-NOAA20,Medium,1.48428,109.15833
Kalimantan Barat,SAMBAS,Teluk Keramat,Tri Mandayan,07-09-2026,00:30 WIB,NASA-NOAA20,Medium,1.485,109.15376
Kalimantan Barat,SAMBAS,Teluk Keramat,Tri Mandayan,07-09-2026,00:30 WIB,NASA-NOAA20,Medium,1.48518,109.1581
Kalimantan Barat,SAMBAS,Teluk Keramat,Tri Mandayan,07-09-2026,00:30 WIB,NASA-NOAA20,Medium,1.48587,109.15351
Kalimantan Barat,SAMBAS,Galing,Tempapan Hulu,07-09-2026,01:51 WIB,NASA-SNPP,Medium,1.66731,109.35638
Kalimantan Barat,SAMBAS,Galing,Tempapan Hulu,07-09-2026,01:51 WIB,NASA-SNPP,Medium,1.66821,109.35085
Kalimantan Barat,SAMBAS,Galing,Tempapan Hulu,07-09-2026,12:55 WIB,NASA-SNPP,Medium,1.6653,109.3577
Kalimantan Barat,SAMBAS,Galing,Tempapan Hulu,07-09-2026,12:55 WIB,NASA-SNPP,Medium,1.66905,109.3527
Kalimantan Barat,SAMBAS,Jawai,Sungai Nilam,07-09-2026,01:51 WIB,NASA-SNPP,Medium,1.44145,109.1354
Kalimantan Barat,SAMBAS,Jawai,Sungai Nilam,07-09-2026,01:51 WIB,NASA-SNPP,Medium,1.443,109.13658
Kalimantan Barat,SAMBAS,Teluk Keramat,Lela,07-09-2026,12:55 WIB,NASA-SNPP,Medium,1.43772,109.17667
Kalimantan Barat,SAMBAS,Teluk Keramat,Sungai Baru,07-09-2026,01:51 WIB,NASA-SNPP,Medium,1.38503,109.14293
Kalimantan Barat,SAMBAS,Teluk Keramat,Sungai Kumpai,07-09-2026,01:51 WIB,NASA-SNPP,Medium,1.44059,109.14083
Kalimantan Barat,SAMBAS,Teluk Keramat,Sungai Kumpai,07-09-2026,01:51 WIB,NASA-SNPP,Medium,1.4421,109.14201
Kalimantan Barat,SAMBAS,Teluk Keramat,Sungai Kumpai,07-09-2026,01:51 WIB,NASA-SNPP,Medium,1.44524,109.17509
Kalimantan Barat,SAMBAS,Teluk Keramat,Sungai Kumpai,07-09-2026,01:51 WIB,NASA-SNPP,Medium,1.44634,109.1362
Kalimantan Barat,SAMBAS,Teluk Keramat,Sungai Kumpai,07-09-2026,01:51 WIB,NASA-SNPP,Medium,1.4465,109.17619
Kalimantan Barat,SAMBAS,Teluk Keramat,Sungai Kumpai,07-09-2026,01:51 WIB,NASA-SNPP,Medium,1.44789,109.13737
Kalimantan Barat,SAMBAS,Teluk Keramat,Sungai Kumpai,07-09-2026,12:55 WIB,NASA-SNPP,Medium,1.44063,109.17841
Kalimantan Barat,SAMBAS,Teluk Keramat,Tri Mandayan,07-09-2026,01:51 WIB,NASA-SNPP,Medium,1.46655,109.14597
Kalimantan Barat,SAMBAS,Teluk Keramat,Tri Mandayan,07-09-2026,01:51 WIB,NASA-SNPP,Medium,1.46966,109.15762
Kalimantan Barat,SAMBAS,Teluk Keramat,Tri Mandayan,07-09-2026,01:51 WIB,NASA-SNPP,Medium,1.47055,109.15219
Kalimantan Barat,SAMBAS,Teluk Keramat,Tri Mandayan,07-09-2026,01:51 WIB,NASA-SNPP,Medium,1.47144,109.14678
Kalimantan Barat,SAMBAS,Teluk Keramat,Tri Mandayan,07-09-2026,01:51 WIB,NASA-SNPP,Medium,1.47232,109.14137
Kalimantan Barat,SAMBAS,Teluk Keramat,Tri Mandayan,07-09-2026,01:51 WIB,NASA-SNPP,Medium,1.47455,109.15844
Kalimantan Barat,SAMBAS,Teluk Keramat,Tri Mandayan,07-09-2026,01:51 WIB,NASA-SNPP,Medium,1.47544,109.153
Kalimantan Barat,SAMBAS,Teluk Keramat,Tri Mandayan,07-09-2026,01:51 WIB,NASA-SNPP,Medium,1.47632,109.14758
Kalimantan Barat,SAMBAS,Teluk Keramat,Tri Mandayan,07-09-2026,01:51 WIB,NASA-SNPP,Medium,1.47721,109.14217
Kalimantan Barat,SAMBAS,Teluk Keramat,Tri Mandayan,07-09-2026,01:51 WIB,NASA-SNPP,Medium,1.47944,109.15923
Kalimantan Barat,SAMBAS,Teluk Keramat,Tri Mandayan,07-09-2026,01:51 WIB,NASA-SNPP,Medium,1.48033,109.15381
Kalimantan Barat,SAMBAS,Teluk Keramat,Tri Mandayan,07-09-2026,01:51 WIB,NASA-SNPP,Medium,1.48121,109.14839
Kalimantan Barat,SAMBAS,Teluk Keramat,Tri Mandayan,07-09-2026,01:51 WIB,NASA-SNPP,Medium,1.48434,109.16003
Kalimantan Barat,SAMBAS,Teluk Keramat,Tri Mandayan,07-09-2026,01:51 WIB,NASA-SNPP,Medium,1.48522,109.15462
Kalimantan Barat,SAMBAS,Teluk Keramat,Tri Mandayan,07-09-2026,12:55 WIB,NASA-SNPP,Medium,1.47085,109.15339
Kalimantan Barat,SAMBAS,Teluk Keramat,Tri Mandayan,07-09-2026,12:55 WIB,NASA-SNPP,Medium,1.47535,109.15267
Kalimantan Barat,SAMBAS,Teluk Keramat,Tri Mandayan,07-09-2026,12:55 WIB,NASA-SNPP,Medium,1.48056,109.15643
Kalimantan Barat,SANGGAU,Meliau,Kuala Rosan,07-09-2026,13:12 WIB,NASA-NOAA20,Medium,-0.19481,110.5947
Kalimantan Barat,SANGGAU,Tayan Hulu,Berakak,07-09-2026,13:12 WIB,NASA-NOAA20,Medium,0.47219,110.20528
Kalimantan Barat,SANGGAU,Tayan Hulu,Berakak,07-09-2026,13:12 WIB,NASA-NOAA20,Medium,0.47551,110.20478
Kalimantan Barat,SEKADAU,Nanga Mahap,Landau Kumpai,07-09-2026,13:12 WIB,NASA-NOAA20,Medium,-0.35041,110.73354
Kalimantan Barat,SEKADAU,Nanga Taman,Lubuk Tajau,07-09-2026,13:12 WIB,NASA-NOAA20,Medium,-0.35781,110.79253
Kalimantan Barat,SEKADAU,Nanga Taman,Nanga Engkulun,07-09-2026,13:12 WIB,NASA-NOAA20,Medium,-0.34652,110.64683
Kalimantan Barat,SEKADAU,Nanga Taman,Nanga Engkulun,07-09-2026,13:12 WIB,NASA-NOAA20,Medium,-0.34292,110.69289
Kalimantan Barat,SEKADAU,Nanga Taman,Nanga Koman,07-09-2026,13:12 WIB,NASA-NOAA20,Medium,-0.33144,110.72348
Kalimantan Barat,SEKADAU,Nanga Taman,Nanga Koman,07-09-2026,13:12 WIB,NASA-NOAA20,Medium,-0.33091,110.727
Kalimantan Barat,SEKADAU,Nanga Taman,Nanga Mongko,07-09-2026,13:12 WIB,NASA-NOAA20,Medium,-0.35307,110.71595
Kalimantan Barat,SEKADAU,Nanga Taman,Senangak,07-09-2026,13:12 WIB,NASA-NOAA20,Medium,-0.22987,110.70033
Kalimantan Barat,SEKADAU,Sekadau Hilir,Engkersik,07-09-2026,00:32 WIB,NASA-NOAA20,Medium,-0.07184,111.13581
Kalimantan Barat,SEKADAU,Sekadau Hulu,Sekonau,07-09-2026,13:12 WIB,NASA-NOAA20,Medium,-0.16017,110.77618
Kalimantan Barat,SINTANG,Ambalau,Jengkarang,07-09-2026,13:12 WIB,NASA-NOAA20,Medium,-0.02862,112.93896
Kalimantan Barat,SINTANG,Ambalau,Jengkarang,07-09-2026,13:12 WIB,NASA-NOAA20,Medium,-0.02807,112.9399
Kalimantan Barat,SINTANG,Ambalau,Jengkarang,07-09-2026,13:12 WIB,NASA-NOAA20,Medium,0.0247,113.11591
Kalimantan Barat,SINTANG,Sepauk,Sirang Setambang,07-09-2026,00:32 WIB,NASA-NOAA20,Medium,-0.07704,111.13494
Kalimantan Barat,SINTANG,Serawai,Nanga Riyoi,07-09-2026,00:32 WIB,NASA-NOAA20,Medium,-0.37885,112.7524
Kalimantan Barat,SINTANG,Serawai,Nanga Riyoi,07-09-2026,00:32 WIB,NASA-NOAA20,Medium,-0.37516,112.74993
Kalimantan Barat,SINTANG,Serawai,Nanga Riyoi,07-09-2026,00:32 WIB,NASA-NOAA20,Medium,-0.37423,112.75321
Kalimantan Barat,SINTANG,Serawai,Nanga Ruhan,07-09-2026,00:32 WIB,NASA-NOAA20,Medium,-0.41495,112.77006
